timestamp,open,high,low,close,adjusted_close,volume,dividend_amount,split_coefficient
2020-01-24,61.4060,61.5800,61.2500,61.2720,61.2720,38703,0.0000,1.0000
2019-01-08,47.1500,47.5870,47.0870,47.1530,47.1530,65484,0.0000,1.0000
2019-01-07,46.9840,46.9840,46.6000,46.9710,46.9710,104459,0.0000,1.0000
2019-01-04,45.9390,46.8080,45.8050,46.6410,46.6410,21080,0.0000,1.0000
2019-01-03,45.8810,46.1640,45.4480,45.6850,45.6850,43704,0.0000,1.0000
2019-01-02,45.4300,46.4240,45.1500,46.3230,46.3230,112282,0.0000,1.0000
2018-12-28,45.5580,46.1130,45.5290,45.9790,45.9790,19901,0.0000,1.0000
2018-12-27,45.8000,45.8000,44.6020,45.0090,45.0090,62983,0.0000,1.0000
2018-12-21,45.5960,46.0670,45.3710,45.6820,45.6820,40980,0.0000,1.0000
2018-12-20,45.9800,46.1520,45.7650,45.8170,45.8170,101957,0.0000,1.0000
2018-12-19,46.8860,47.1900,46.8480,47.0860,47.0860,40442,0.0000,1.0000
2018-12-18,47.2050,47.4400,47.0470,47.1760,47.1760,30683,0.0000,1.0000
2018-12-17,48.0590,48.0840,47.3980,47.7360,47.7360,75278,0.0000,1.0000
2018-12-14,48.1990,48.5150,48.1400,48.3900,48.3900,25220,0.0000,1.0000
2018-12-13,48.8680,48.8900,48.5000,48.6650,48.6650,24835,0.0000,1.0000
2018-12-12,48.5380,49.0290,48.5010,48.9290,48.9290,18341,0.0000,1.0000
2018-12-11,48.1190,48.8770,48.0320,48.5090,48.5090,74233,0.0000,1.0000
2018-12-10,48.0160,48.2060,47.4130,47.5880,47.5880,185052,0.0000,1.0000
2018-12-07,48.7660,49.3190,48.5050,48.5050,48.5050,141900,0.0000,1.0000
2018-12-06,49.1730,49.1790,47.9380,48.2050,48.2050,85257,0.0000,1.0000
2018-12-05,49.7980,49.8930,49.6280,49.6280,49.6280,58997,0.0000,1.0000
2018-12-04,50.6220,50.6340,50.3980,50.4900,50.4900,61400,0.0000,1.0000
2018-11-30,49.9890,50.3060,49.8560,50.1960,50.1960,163494,0.0000,1.0000
2018-11-29,50.0180,50.0940,49.8340,49.9610,49.9610,181979,0.0000,1.0000
2018-11-28,49.6940,49.8230,49.5920,49.7060,49.7060,22128,0.0000,1.0000
2018-11-27,49.3800,49.4830,49.0940,49.4340,49.4340,25126,0.0000,1.0000
2018-11-26,48.9590,49.2820,48.9590,49.1230,49.1230,8017,0.0000,1.0000
2018-11-23,48.4710,48.8120,48.4130,48.8010,48.8010,27796,0.0000,1.0000
2018-11-22,48.6640,48.6640,48.3230,48.3230,48.3230,18992,0.0000,1.0000
2018-11-21,48.6040,48.9480,48.5010,48.9260,48.9260,89322,0.0000,1.0000
2018-11-20,48.8380,48.8510,48.2500,48.5270,48.5270,122546,0.0000,1.0000
2018-11-19,49.9260,49.9690,49.1650,49.1650,49.1650,9303,0.0000,1.0000
2018-11-16,49.9810,49.9810,49.4550,49.7040,49.7040,7806,0.0000,1.0000
2018-11-15,49.9320,49.9780,49.3320,49.6860,49.6860,122380,0.0000,1.0000
2018-11-14,50.0260,50.4400,49.9010,49.9010,49.9010,20966,0.0000,1.0000
2018-11-12,51.2040,51.2220,50.4240,50.4520,50.4520,16318,0.0000,1.0000
2018-11-09,51.0220,51.0220,50.6740,50.8040,50.8040,11824,0.0000,1.0000
2018-11-08,51.0240,51.0900,50.8580,50.9880,50.9880,39563,0.0000,1.0000
2018-11-07,50.2440,50.5920,50.2440,50.5920,50.5920,67550,0.0000,1.0000
2018-11-06,50.0760,50.1480,49.8300,50.0260,50.0260,18227,0.0000,1.0000
2018-11-05,49.8440,50.1040,49.7530,49.8670,49.8670,40945,0.0000,1.0000
2018-11-02,50.3780,50.4040,49.7920,49.8060,49.8060,46414,0.0000,1.0000
2018-11-01,49.6910,49.9240,49.6000,49.8860,49.8860,185094,0.0000,1.0000
2018-10-31,49.4730,50.0680,49.4550,49.8860,49.8860,47033,0.0000,1.0000
2018-10-30,48.7640,48.8520,48.3800,48.7780,48.7780,6764,0.0000,1.0000
2018-10-29,48.6250,49.4210,48.6250,48.9100,48.9100,13710,0.0000,1.0000
2018-10-26,48.7600,48.7600,48.0630,48.6190,48.6190,26975,0.0000,1.0000
2018-10-25,48.5500,49.2840,48.5170,49.2840,49.2840,29106,0.0000,1.0000
2018-10-24,49.3080,49.9190,49.1520,49.1910,49.1910,23379,0.0000,1.0000
2018-10-23,49.3410,49.4560,48.8270,49.0530,49.0530,65344,0.0000,1.0000
2018-10-22,50.1360,50.2220,49.8420,50.0460,50.0460,35566,0.0000,1.0000
2018-10-19,50.3300,50.4900,50.1580,50.2620,50.2620,9635,0.0000,1.0000
2018-10-18,50.6200,50.6860,50.1060,50.1060,50.1060,18712,0.0000,1.0000
2018-10-17,50.7240,50.7320,50.2000,50.3740,50.3740,156337,0.0000,1.0000
2018-10-16,49.6020,50.2160,49.5460,50.1960,50.1960,41807,0.0000,1.0000
2018-10-15,49.5310,49.7410,49.3040,49.7410,49.7410,115665,0.0000,1.0000
2018-10-12,49.8400,49.9910,49.6400,49.6520,49.6520,63700,0.0000,1.0000
2018-10-11,50.0000,50.2520,49.5000,49.5460,49.5460,73686,0.0000,1.0000
2018-10-10,52.0020,52.0240,51.0180,51.0860,51.0860,28764,0.0000,1.0000
2018-10-09,52.0500,52.1780,51.8740,52.1080,52.1080,17921,0.0000,1.0000
2018-10-08,52.1080,52.1720,51.9240,51.9640,51.9640,394485,0.0000,1.0000
2018-10-05,52.5040,52.5040,52.1380,52.1380,52.1380,33791,0.0000,1.0000
2018-10-04,52.8580,52.8660,52.3700,52.4560,52.4560,30086,0.0000,1.0000
2018-10-02,52.7500,52.8380,52.6960,52.7520,52.7520,14040,0.0000,1.0000
2018-10-01,52.7560,52.9380,52.6960,52.9380,52.9380,83445,0.0000,1.0000
2018-09-28,52.4720,52.6180,52.4060,52.5100,52.5100,29556,0.0000,1.0000
2018-09-27,52.0780,52.5160,52.0000,52.4600,52.4600,30762,0.0000,1.0000
2018-09-26,52.0920,52.1940,52.0260,52.1860,52.1860,17502,0.0000,1.0000
2018-09-25,52.0640,52.2060,51.9200,52.0920,52.0920,5172,0.0000,1.0000
2018-09-24,52.1180,52.1180,51.8000,51.9040,51.9040,66852,0.0000,1.0000
2018-09-13,51.6200,51.8440,51.5760,51.5980,51.5980,31550,0.0000,1.0000
2018-09-12,51.7380,51.8600,51.5120,51.6260,51.6260,23022,0.0000,1.0000
2018-09-11,51.5200,51.6200,51.3520,51.5640,51.5640,11291,0.0000,1.0000
2018-09-10,51.6560,51.7300,51.4800,51.5300,51.5300,73505,0.0000,1.0000
2018-09-07,51.3360,51.5700,51.2260,51.5380,51.5380,45056,0.0000,1.0000
2018-09-06,51.4940,51.6660,51.3000,51.3240,51.3240,23071,0.0000,1.0000
2018-09-05,51.9420,51.9420,51.4680,51.4720,51.4720,44855,0.0000,1.0000
2018-09-04,52.3940,52.4080,51.9700,52.0780,52.0780,16224,0.0000,1.0000
2018-09-03,52.2040,52.2700,52.1320,52.1940,52.1940,81180,0.0000,1.0000
2018-08-31,52.0020,52.1700,51.8820,52.1340,52.1340,23270,0.0000,1.0000
2018-08-30,52.0900,52.2560,52.0080,52.1980,52.1980,24700,0.0000,1.0000
2018-08-29,52.1460,52.1940,52.0320,52.1820,52.1820,11178,0.0000,1.0000
2018-08-28,52.0640,52.0640,51.8980,51.8980,51.8980,25879,0.0000,1.0000
2018-08-27,52.0800,52.1380,51.9600,52.0280,52.0280,48086,0.0000,1.0000
2018-08-24,51.8060,51.9140,51.6500,51.7880,51.7880,14654,0.0000,1.0000
2018-08-23,51.8360,51.9400,51.6680,51.6680,51.6680,30060,0.0000,1.0000
2018-08-22,51.7800,51.8360,51.6200,51.8320,51.8320,35680,0.0000,1.0000
2018-08-20,53.2360,53.3280,53.1100,53.1540,53.1540,46237,0.0000,1.0000
2018-08-17,53.1540,53.1600,52.8860,52.9940,52.9940,5886,0.0000,1.0000
2018-08-16,52.9260,53.1360,52.8460,53.1120,53.1120,13054,0.0000,1.0000
2018-08-15,53.3340,53.3860,52.6900,52.8460,52.8460,63033,0.0000,1.0000
2018-08-14,53.0740,53.3140,53.0220,53.2700,53.2700,18779,0.0000,1.0000
2018-08-13,52.9800,53.1280,52.8960,53.0240,53.0240,15726,0.0000,1.0000
2018-08-10,53.0840,53.1640,52.9380,53.1640,53.1640,8963,0.0000,1.0000
2018-08-09,52.8700,53.0800,52.8540,53.0600,53.0600,8085,0.0000,1.0000
2018-08-08,52.8380,52.9820,52.8100,52.8680,52.8680,19483,0.0000,1.0000
2018-08-07,52.9820,53.0420,52.9020,52.9500,52.9500,35091,0.0000,1.0000
2018-08-06,52.7980,52.9300,52.6600,52.7860,52.7860,26414,0.0000,1.0000
2018-08-03,52.4580,52.6180,52.4380,52.5520,52.5520,8873,0.0000,1.0000
2018-08-02,52.0400,52.2480,51.8580,52.2480,52.2480,21355,0.0000,1.0000
2018-08-01,52.2920,52.2920,52.0760,52.1700,52.1700,78192,0.0000,1.0000
2018-07-31,51.9300,52.1820,51.8500,52.1320,52.1320,10656,0.0000,1.0000
2018-07-30,52.2160,52.2500,52.0000,52.0000,52.0000,35283,0.0000,1.0000
2018-07-27,52.6500,52.8100,52.5060,52.5060,52.5060,12490,0.0000,1.0000
2018-07-26,52.2000,52.5920,52.1780,52.5300,52.5300,18214,0.0000,1.0000
2018-07-25,52.0820,52.1640,51.9200,52.1440,52.1440,7330,0.0000,1.0000
2018-07-24,52.0200,52.2000,51.8420,52.0720,52.0720,5777,0.0000,1.0000
2018-07-23,51.5460,51.7340,51.4580,51.7160,51.7160,20967,0.0000,1.0000
2018-07-20,51.8980,51.9560,51.5480,51.7960,51.7960,56188,0.0000,1.0000
2018-07-19,52.0960,52.1780,51.9560,52.0900,52.0900,8310,0.0000,1.0000
2018-07-18,52.0000,52.1000,51.9440,52.0540,52.0540,18567,0.0000,1.0000
2018-07-17,51.4620,51.7660,51.3880,51.6980,51.6980,83174,0.0000,1.0000
2018-07-16,51.7280,51.8160,51.5000,51.5520,51.5520,82440,0.0000,1.0000
2018-07-13,51.9160,51.9820,51.7480,51.8100,51.8100,14490,0.0000,1.0000
2018-07-12,51.3980,51.6320,51.2820,51.5070,51.5070,13633,0.0000,1.0000
2018-07-11,51.1120,51.2660,51.0380,51.1740,51.1740,10796,0.0000,1.0000
2018-07-10,51.3880,51.6680,51.3500,51.4760,51.4760,95500,0.0000,1.0000
2018-07-09,51.1240,51.3020,51.0000,51.2960,51.2960,47922,0.0000,1.0000
2018-07-06,50.7840,50.8920,50.5280,50.8920,50.8920,5068,0.0000,1.0000
2018-07-05,50.4460,50.7440,50.3780,50.6100,50.6100,13003,0.0000,1.0000
2018-07-04,50.5380,50.7440,50.5120,50.7060,50.7060,8429,0.0000,1.0000
2018-07-03,50.6520,50.9000,50.6480,50.7600,50.7600,9680,0.0000,1.0000
2018-07-02,50.3300,50.6560,50.2420,50.5110,50.5110,75856,0.0000,1.0000
2018-06-29,51.0940,51.0940,50.7400,50.9000,50.9000,19350,0.0000,1.0000
2018-06-28,50.9080,50.9820,50.3840,50.6720,50.6720,10235,0.0000,1.0000
2018-06-27,50.5640,51.0270,50.3320,51.0270,51.0270,12893,0.0000,1.0000
2018-06-26,50.5700,50.6940,50.4600,50.5570,50.5570,45372,0.0000,1.0000
2018-06-25,51.0940,51.1580,50.2600,50.2600,50.2600,48221,0.0000,1.0000
2018-06-22,51.2540,51.5140,51.2200,51.5140,51.5140,61398,0.0000,1.0000
2018-06-21,51.9320,51.9340,51.1660,51.2940,51.2940,67705,0.0000,1.0000
2018-06-20,51.8140,51.8800,51.6300,51.6700,51.6700,51242,0.0000,1.0000
2018-06-19,51.2700,51.5660,51.1300,51.4530,51.4530,16770,0.0000,1.0000
2018-06-18,51.8340,51.9140,51.4900,51.6680,51.6680,23076,0.0000,1.0000
2018-06-15,52.3040,52.3200,51.6880,51.7160,51.7160,60937,0.0000,1.0000
2018-06-14,51.0880,52.1360,51.0400,52.0360,52.0360,35333,0.0000,1.0000
2018-06-13,51.6260,51.6320,51.4780,51.5800,51.5800,28193,0.0000,1.0000
2018-06-12,51.5420,51.5420,51.3460,51.4040,51.4040,13009,0.0000,1.0000
2018-06-11,51.2480,51.4160,51.2480,51.4160,51.4160,11341,0.0000,1.0000
2018-06-08,51.0840,51.2920,50.9420,51.1800,51.1800,22476,0.0000,1.0000
2018-06-07,51.2620,51.3280,51.0580,51.1300,51.1300,51914,0.0000,1.0000
2018-06-06,51.2980,51.2980,50.9100,51.1840,51.1840,31243,0.0000,1.0000
2018-06-05,51.1600,51.4460,51.1160,51.2200,51.2200,42909,0.0000,1.0000
2018-06-04,51.2300,51.2520,51.0160,51.2360,51.2360,43764,0.0000,1.0000
2018-06-01,50.8080,51.1000,50.7280,51.0540,51.0540,80327,0.0000,1.0000
2018-05-30,50.8220,50.9780,50.7000,50.9180,50.9180,22665,0.0000,1.0000
2018-05-29,51.0480,51.0560,50.8220,50.9260,50.9260,18780,0.0000,1.0000
2018-05-28,51.0820,51.1800,51.0500,51.1580,51.1580,16063,0.0000,1.0000
2018-05-25,51.0980,51.1680,50.9500,51.1180,51.1180,18359,0.0000,1.0000
2018-05-24,51.1080,51.1120,50.6460,50.7880,50.7880,42276,0.0000,1.0000
2018-05-23,50.9660,51.0040,50.7480,50.9320,50.9320,29564,0.0000,1.0000
2018-05-22,51.2100,51.2500,50.9920,51.1540,51.1540,23689,0.0000,1.0000
2018-05-21,50.8300,50.8300,50.8300,50.8300,50.8300,0,0.0000,1.0000
2018-05-18,50.8420,51.0000,50.6920,50.8300,50.8300,25150,0.0000,1.0000
2018-05-17,50.7480,51.0000,50.6460,50.9280,50.9280,18302,0.0000,1.0000
2018-05-16,50.4960,50.7940,50.4640,50.7360,50.7360,35345,0.0000,1.0000
2018-05-15,50.3280,50.5520,50.3260,50.3300,50.3300,68677,0.0000,1.0000
2018-05-14,50.4040,50.4500,50.2500,50.3260,50.3260,47069,0.0000,1.0000
2018-05-11,50.4220,50.4220,50.1940,50.3360,50.3360,15491,0.0000,1.0000
2018-05-10,50.2140,50.3460,50.0200,50.2920,50.2920,16805,0.0000,1.0000
2018-05-09,49.8590,49.9770,49.7670,49.9110,49.9110,73120,0.0000,1.0000
2018-05-08,49.5960,49.7700,49.4430,49.7020,49.7020,76897,0.0000,1.0000
2018-05-07,49.4480,49.7090,49.3840,49.6510,49.6510,52993,0.0000,1.0000
2018-05-04,48.7860,49.2670,48.6290,49.2670,49.2670,6933,0.0000,1.0000
2018-05-03,48.7940,48.8760,48.3460,48.3650,48.3650,63344,0.0000,1.0000
2018-05-02,48.9140,49.0910,48.8810,48.9950,48.9950,79928,0.0000,1.0000
2018-04-30,48.8030,49.0110,48.7350,48.9570,48.9570,54962,0.0000,1.0000
2018-04-27,48.7430,48.8550,48.6120,48.7070,48.7070,18990,0.0000,1.0000
2018-04-26,47.9830,48.5920,47.9830,48.5210,48.5210,8724,0.0000,1.0000
2018-04-25,47.8360,47.9190,47.6990,47.8590,47.8590,8959,0.0000,1.0000
2018-04-24,48.3990,48.5590,48.1910,48.2600,48.2600,12519,0.0000,1.0000
2018-04-23,48.0670,48.4000,47.9770,48.3920,48.3920,21983,0.0000,1.0000
2018-04-20,48.1000,48.2700,48.0000,48.0950,48.0950,38161,0.0000,1.0000
2018-04-19,48.1710,48.2440,48.0000,48.1180,48.1180,11270,0.0000,1.0000
2018-04-18,48.2610,48.3210,48.0790,48.2610,48.2610,8279,0.0000,1.0000
2018-04-17,47.7890,48.2360,47.7270,48.2110,48.2110,8630,0.0000,1.0000
2018-04-16,47.7240,47.7490,47.4680,47.6130,47.6130,105451,0.0000,1.0000
2018-04-13,47.7050,47.9060,47.5650,47.6440,47.6440,15989,0.0000,1.0000
2018-04-12,47.3570,47.8400,47.2360,47.6980,47.6980,7127,0.0000,1.0000
2018-04-11,47.3180,47.4000,46.9780,47.3430,47.3430,12489,0.0000,1.0000
2018-04-10,47.5500,47.6290,47.2540,47.6000,47.6000,10721,0.0000,1.0000
2018-04-09,47.2510,47.3930,47.0000,47.3770,47.3770,32578,0.0000,1.0000
2018-04-05,47.6460,47.9940,47.3980,47.9940,47.9940,37058,0.0000,1.0000
2018-04-04,46.7750,46.7750,46.0480,46.6040,46.6040,26589,0.0000,1.0000
2018-04-03,46.5070,46.8270,46.3690,46.6490,46.6490,190096,0.0000,1.0000
2018-03-29,46.7810,47.2000,46.7060,47.0820,47.0820,17530,0.0000,1.0000
2018-03-28,46.4350,46.6330,46.1660,46.5980,46.5980,9960,0.0000,1.0000
2018-03-27,46.9950,47.2550,46.9310,47.0400,47.0400,12655,0.0000,1.0000
2018-03-26,46.5450,46.6620,45.9150,46.1130,46.1130,28454,0.0000,1.0000
2018-03-23,47.0120,47.1110,46.5880,46.6680,46.6680,47801,0.0000,1.0000
2018-03-22,47.6720,47.8970,47.2520,47.5800,47.5800,17995,0.0000,1.0000
2018-03-21,48.2740,48.4650,48.0750,48.4580,48.4580,9288,0.0000,1.0000
2018-03-20,48.0390,48.3060,47.9240,48.2870,48.2870,42811,0.0000,1.0000
2018-03-19,48.6230,48.6230,47.8860,47.8860,47.8860,23097,0.0000,1.0000
2018-03-16,48.6450,48.9000,48.5450,48.7640,48.7640,16429,0.0000,1.0000
2018-03-15,48.5570,48.6890,48.4100,48.6390,48.6390,81974,0.0000,1.0000
2018-03-14,48.5910,48.7660,48.3820,48.4140,48.4140,6892,0.0000,1.0000
2018-03-13,49.0990,49.1240,48.4530,48.6190,48.6190,10301,0.0000,1.0000
2018-03-12,49.1800,49.2140,48.9170,49.0170,49.0170,17405,0.0000,1.0000
2018-03-09,48.3300,48.7500,48.3280,48.7500,48.7500,31961,0.0000,1.0000
2018-03-08,47.7720,48.3050,47.7610,48.2930,48.2930,16517,0.0000,1.0000
2018-03-07,47.5200,47.8500,47.2790,47.8110,47.8110,45144,0.0000,1.0000
2018-03-06,48.1170,48.1180,47.6840,47.6840,47.6840,16097,0.0000,1.0000
2018-03-05,47.3200,47.7990,47.2600,47.7020,47.7020,56420,0.0000,1.0000
2018-03-02,47.6710,47.7680,46.9510,47.1620,47.1620,27035,0.0000,1.0000
2018-03-01,48.6200,48.6410,48.2360,48.3660,48.3660,106549,0.0000,1.0000
2018-02-28,48.9620,49.2980,48.9250,48.9250,48.9250,8335,0.0000,1.0000
2018-02-27,49.2480,49.4880,49.0510,49.2330,49.2330,8174,0.0000,1.0000
2018-02-26,48.8910,49.1030,48.8540,48.9810,48.9810,106502,0.0000,1.0000
2018-02-23,48.4530,48.5450,48.2900,48.5050,48.5050,37017,0.0000,1.0000
2018-02-22,48.0670,48.4420,47.9780,48.3930,48.3930,11714,0.0000,1.0000
2018-02-21,48.2750,48.6080,48.0900,48.6080,48.6080,9078,0.0000,1.0000
2018-02-20,48.3040,48.4690,48.0290,48.4260,48.4260,49060,0.0000,1.0000
2018-02-19,48.3910,48.4490,48.0700,48.1320,48.1320,24927,0.0000,1.0000
2018-02-16,47.9350,48.2930,47.8580,48.2690,48.2690,22970,0.0000,1.0000
2018-02-15,47.5940,47.7730,47.3370,47.4440,47.4440,94452,0.0000,1.0000
2018-02-14,47.2360,47.3770,46.8300,47.1810,47.1810,57294,0.0000,1.0000
2018-02-13,47.0990,47.0990,46.7700,46.8360,46.8360,45226,0.0000,1.0000
2018-02-12,47.0290,47.4230,46.9710,47.1500,47.1500,39108,0.0000,1.0000
2018-02-09,46.9120,46.9120,46.1500,46.4580,46.4580,63037,0.0000,1.0000
2018-02-08,47.8370,47.9380,47.2260,47.3590,47.3590,33339,0.0000,1.0000
2018-02-07,47.3050,48.4590,47.2000,48.3180,48.3180,77550,0.0000,1.0000
2018-02-06,46.6800,47.6690,46.1550,46.8030,46.8030,297635,0.0000,1.0000
2018-02-05,48.3690,48.6350,48.1490,48.4080,48.4080,145692,0.0000,1.0000
2018-02-02,49.3820,49.3820,49.1280,49.1300,49.1300,17410,0.0000,1.0000
2018-02-01,50.0540,50.0540,49.4510,49.6010,49.6010,108965,0.0000,1.0000
2018-01-31,49.9120,49.9490,49.6930,49.7890,49.7890,34308,0.0000,1.0000
2018-01-30,50.3660,50.3660,49.7500,49.9780,49.9780,28666,0.0000,1.0000
2018-01-29,50.6300,50.7420,50.4320,50.6280,50.6280,45974,0.0000,1.0000
2018-01-26,50.0420,50.4380,50.0200,50.4060,50.4060,13975,0.0000,1.0000
2018-01-25,50.2700,50.4820,49.8220,49.9970,49.9970,40819,0.0000,1.0000
2018-01-24,50.6880,50.6880,50.3400,50.3400,50.3400,14494,0.0000,1.0000
2018-01-23,50.8760,50.8980,50.5700,50.7620,50.7620,45290,0.0000,1.0000
2018-01-22,50.4320,50.5760,50.2840,50.4860,50.4860,46177,0.0000,1.0000
2018-01-19,50.0580,50.4000,50.0580,50.3360,50.3360,12639,0.0000,1.0000
2018-01-18,50.3680,50.4140,50.1120,50.2060,50.2060,16369,0.0000,1.0000
2018-01-17,50.0880,50.2620,50.0060,50.1980,50.1980,12277,0.0000,1.0000
2018-01-16,50.2060,50.4500,50.1120,50.2100,50.2100,33180,0.0000,1.0000
2018-01-15,50.2420,50.2420,49.9270,50.0600,50.0600,100266,0.0000,1.0000
2018-01-12,50.4020,50.4080,50.0720,50.3100,50.3100,23452,0.0000,1.0000
2018-01-11,50.6460,50.6460,50.1520,50.2820,50.2820,24190,0.0000,1.0000
2018-01-10,50.5980,50.6120,50.1820,50.4600,50.4600,15624,0.0000,1.0000
2018-01-09,50.5700,50.7640,50.5480,50.7380,50.7380,16353,0.0000,1.0000
2018-01-08,50.3520,50.4160,50.2200,50.3560,50.3560,68915,0.0000,1.0000
2018-01-05,49.7970,50.0380,49.7360,49.9940,49.9940,41155,0.0000,1.0000
2018-01-04,49.7550,49.7550,49.5000,49.6570,49.6570,13198,0.0000,1.0000
2018-01-03,49.2130,49.4850,49.1700,49.3980,49.3980,19881,0.0000,1.0000
2018-01-02,49.0800,49.1230,48.6770,48.9900,48.9900,114257,0.0000,1.0000
2017-12-29,49.2800,49.2950,49.1450,49.2600,49.2600,31683,0.0000,1.0000
2017-12-28,49.2700,49.3350,49.2000,49.2000,49.2000,100797,0.0000,1.0000
2017-12-27,49.4450,49.4900,49.2750,49.4150,49.4150,106977,0.0000,1.0000
2017-12-22,49.5400,49.5600,49.4400,49.4500,49.4500,13681,0.0000,1.0000
2017-12-21,49.2300,49.5000,49.1500,49.4600,49.4600,12483,0.0000,1.0000
2017-12-20,49.5750,49.5750,49.1000,49.2700,49.2700,38066,0.0000,1.0000
2017-12-19,49.7900,49.8350,49.5550,49.5650,49.5650,20859,0.0000,1.0000
2017-12-18,49.7200,49.7950,49.6600,49.7650,49.7650,16499,0.0000,1.0000
2017-12-15,49.2400,49.4700,49.1050,49.4700,49.4700,113877,0.0000,1.0000
2017-12-14,49.3550,49.4800,49.1900,49.3400,49.3400,34431,0.0000,1.0000
2017-12-13,49.5450,49.6350,49.4800,49.5675,49.5675,15375,0.0000,1.0000
2017-12-12,49.3600,49.6850,49.2550,49.6850,49.6850,41575,0.0000,1.0000
2017-12-11,49.3400,49.3400,49.1150,49.1750,49.1750,49405,0.0000,1.0000
2017-12-08,49.0500,49.3150,49.0500,49.1800,49.1800,20306,0.0000,1.0000
2017-12-07,48.8550,48.9100,48.6800,48.8600,48.8600,85393,0.0000,1.0000
2017-12-06,48.4800,48.7850,48.4050,48.7650,48.7650,50484,0.0000,1.0000
2017-12-05,48.8350,48.9750,48.6150,48.9200,48.9200,29040,0.0000,1.0000
2017-12-04,49.0050,49.1800,48.8950,48.9300,48.9300,27591,0.0000,1.0000
2017-12-01,48.6500,48.9600,48.2000,48.2050,48.2050,142211,0.0000,1.0000
2017-11-30,48.6900,48.9250,48.5750,48.6600,48.6600,13790,0.0000,1.0000
2017-11-29,48.7350,48.9450,48.6650,48.6650,48.6650,18480,0.0000,1.0000
2017-11-28,48.2750,48.4700,48.1650,48.4550,48.4550,42838,0.0000,1.0000
2017-11-27,48.1400,48.2750,48.0550,48.1400,48.1400,28077,0.0000,1.0000
2017-11-24,48.4500,48.5000,48.1700,48.1700,48.1700,34668,0.0000,1.0000
2017-11-23,48.2350,48.4500,48.2000,48.3400,48.3400,70572,0.0000,1.0000
2017-11-22,48.6450,48.8000,48.5100,48.5300,48.5300,14603,0.0000,1.0000
2017-11-21,48.4050,48.7900,48.3600,48.7100,48.7100,27031,0.0000,1.0000
2017-11-20,48.1550,48.4150,48.0000,48.3900,48.3900,39106,0.0000,1.0000
2017-11-17,48.1450,48.1800,48.0100,48.0800,48.0800,9182,0.0000,1.0000
2017-11-16,48.0400,48.2500,47.9650,48.2300,48.2300,15625,0.0000,1.0000
2017-11-15,47.7900,47.8150,47.4850,47.8150,47.8150,146076,0.0000,1.0000
2017-11-14,48.5000,48.5350,48.0300,48.0800,48.0800,24085,0.0000,1.0000
2017-11-13,48.8300,48.8300,48.4000,48.6050,48.6050,53530,0.0000,1.0000
2017-11-10,48.9300,48.9350,48.6000,48.7100,48.7100,23716,0.0000,1.0000
2017-11-09,49.2550,49.2650,48.8250,48.8500,48.8500,44047,0.0000,1.0000
2017-11-08,49.2700,49.2950,49.1450,49.2550,49.2550,78649,0.0000,1.0000
2017-11-07,49.3900,49.4550,49.1800,49.2950,49.2950,71385,0.0000,1.0000
2017-11-06,49.0650,49.2550,49.0350,49.2050,49.2050,46867,0.0000,1.0000
2017-11-03,48.8850,49.1100,48.7750,49.1100,49.1100,23065,0.0000,1.0000
2017-11-02,48.8800,48.9900,48.5550,48.9900,48.9900,503727,0.0000,1.0000
2017-10-31,48.7050,48.7050,48.7050,48.7050,48.7050,0,0.0000,1.0000
2017-10-30,48.7500,48.8500,48.6450,48.7050,48.7050,43882,0.0000,1.0000
2017-10-27,48.6450,48.9600,48.6050,48.9600,48.9600,44536,0.0000,1.0000
2017-10-26,47.7500,48.3300,47.7300,48.3250,48.3250,38159,0.0000,1.0000
2017-10-25,48.0650,48.1350,47.6350,47.7150,47.7150,22940,0.0000,1.0000
2017-10-24,48.2100,48.2400,48.1000,48.1400,48.1400,14297,0.0000,1.0000
2017-10-23,48.2500,48.4250,48.2000,48.2900,48.2900,77370,0.0000,1.0000
2017-10-20,48.0300,48.1000,47.9400,48.1000,48.1000,67136,0.0000,1.0000
2017-10-19,47.8950,47.8950,47.5500,47.7150,47.7150,52986,0.0000,1.0000
2017-10-18,48.1000,48.1750,47.8400,48.0550,48.0550,10905,0.0000,1.0000
2017-10-17,48.0900,48.1350,47.9700,48.0150,48.0150,9440,0.0000,1.0000
2017-10-16,47.9550,48.1400,47.8600,47.8800,47.8800,103768,0.0000,1.0000
2017-10-13,47.7450,47.8450,47.5950,47.7300,47.7300,26202,0.0000,1.0000
2017-10-12,47.6100,47.6750,47.5250,47.6600,47.6600,12284,0.0000,1.0000
2017-10-11,47.6500,47.6550,47.4700,47.6000,47.6000,8639,0.0000,1.0000
2017-10-10,47.7500,47.7800,47.6100,47.6350,47.6350,30199,0.0000,1.0000
2017-10-09,47.8800,48.2950,47.7800,47.8100,47.8100,144364,0.0000,1.0000
2017-10-06,47.9850,48.0200,47.7400,47.7850,47.7850,10322,0.0000,1.0000
2017-10-05,47.5850,47.8950,47.2850,47.8900,47.8900,50353,0.0000,1.0000
2017-10-04,47.6600,47.6600,47.4900,47.6300,47.6300,19424,0.0000,1.0000
2017-10-03,47.5400,47.5400,47.5400,47.5400,47.5400,0,0.0000,1.0000
2017-10-02,47.4500,47.5600,47.3550,47.5400,47.5400,139733,0.0000,1.0000
2017-09-29,47.0600,47.1200,46.9450,47.1200,47.1200,11904,0.0000,1.0000
2017-09-28,47.1600,47.1600,46.9400,47.0700,47.0700,5261,0.0000,1.0000
2017-09-27,47.0350,47.2500,47.0350,47.0700,47.0700,27372,0.0000,1.0000
2017-09-26,46.7650,46.9900,46.7600,46.9200,46.9200,21322,0.0000,1.0000
2017-09-25,46.5650,46.9900,46.5000,46.6850,46.6850,47867,0.0000,1.0000
2017-09-22,46.3650,46.4900,46.2650,46.3850,46.3850,42955,0.0000,1.0000
2017-09-21,46.6500,46.6500,46.4500,46.5050,46.5050,20314,0.0000,1.0000
2017-09-20,46.3400,46.3950,46.3000,46.3750,46.3750,34735,0.0000,1.0000
2017-09-19,46.3000,46.4200,46.2500,46.4000,46.4000,7127,0.0000,1.0000
2017-09-18,46.4850,46.5750,46.3300,46.4450,46.4450,19594,0.0000,1.0000
2017-09-15,46.3100,46.3450,46.0900,46.2500,46.2500,106174,0.0000,1.0000
2017-09-14,46.4450,46.5150,46.3200,46.4800,46.4800,29835,0.0000,1.0000
2017-09-13,46.1800,46.4600,46.1150,46.4500,46.4500,7070,0.0000,1.0000
2017-09-12,46.1800,46.3450,46.1550,46.2200,46.2200,9615,0.0000,1.0000
2017-09-11,45.8100,46.0450,45.7800,46.0450,46.0450,38039,0.0000,1.0000
2017-09-08,45.2750,45.5050,45.2600,45.4600,45.4600,9933,0.0000,1.0000
2017-09-07,45.6650,45.6950,45.4000,45.4300,45.4300,70972,0.0000,1.0000
2017-09-06,45.5250,45.6850,45.4850,45.6000,45.6000,23927,0.0000,1.0000
2017-09-05,45.7750,45.9250,45.5800,45.6500,45.6500,29406,0.0000,1.0000
2017-09-04,45.7200,45.7900,45.6500,45.7100,45.7100,24065,0.0000,1.0000
2017-09-01,45.9400,46.2950,45.7500,46.0250,46.0250,151350,0.0000,1.0000
2017-08-31,45.6050,45.9200,45.5700,45.7900,45.7900,10804,0.0000,1.0000
2017-08-30,45.2450,45.4200,45.1950,45.3800,45.3800,24746,0.0000,1.0000
2017-08-29,44.8350,44.9200,44.5050,44.8550,44.8550,33317,0.0000,1.0000
2017-08-28,45.2650,45.4250,45.1750,45.1750,45.1750,17208,0.0000,1.0000
2017-08-25,45.8200,45.8450,45.5300,45.5600,45.5600,41081,0.0000,1.0000
2017-08-24,45.7650,45.8550,45.6500,45.6500,45.6500,6078,0.0000,1.0000
2017-08-23,45.9550,45.9900,45.6700,45.7500,45.7500,26967,0.0000,1.0000
2017-08-22,45.7200,45.9050,45.5550,45.9000,45.9000,8658,0.0000,1.0000
2017-08-21,45.6200,45.6550,45.3050,45.3900,45.3900,119910,0.0000,1.0000
2017-08-18,45.6800,45.7700,45.6000,45.7400,45.7400,11983,0.0000,1.0000
2017-08-17,46.2150,46.4000,46.0950,46.1000,46.1000,27323,0.0000,1.0000
2017-08-16,46.3500,46.5000,46.2500,46.4650,46.4650,23974,0.0000,1.0000
2017-08-15,46.2800,46.4150,46.1250,46.1600,46.1600,129953,0.0000,1.0000
2017-08-14,45.6600,46.1100,45.6600,46.0900,46.0900,36096,0.0000,1.0000
2017-08-11,45.6950,45.7400,44.9750,45.5850,45.5850,108599,0.0000,1.0000
2017-08-10,46.3800,46.4200,45.9800,46.0150,46.0150,28701,0.0000,1.0000
2017-08-09,46.3350,46.4900,46.2350,46.3250,46.3250,37767,0.0000,1.0000
2017-08-08,46.3600,46.6750,46.2600,46.6750,46.6750,36435,0.0000,1.0000
2017-08-07,46.5200,46.5200,46.3300,46.4000,46.4000,66228,0.0000,1.0000
2017-08-04,46.0300,46.5950,46.0150,46.5500,46.5500,7289,0.0000,1.0000
2017-08-03,46.0550,46.1800,46.0300,46.0350,46.0350,18184,0.0000,1.0000
2017-08-02,46.2200,46.2300,45.9550,46.0300,46.0300,45277,0.0000,1.0000
2017-08-01,46.3450,46.5600,46.2000,46.2950,46.2950,134587,0.0000,1.0000
2017-07-31,46.4150,46.4900,46.1300,46.1800,46.1800,28951,0.0000,1.0000
2017-07-28,46.4100,46.4550,46.2000,46.2600,46.2600,53105,0.0000,1.0000
2017-07-27,46.6200,46.7950,46.5850,46.7900,46.7900,26922,0.0000,1.0000
2017-07-26,46.7450,46.8800,46.7450,46.8200,46.8200,27275,0.0000,1.0000
2017-07-25,46.5600,46.7300,46.5400,46.7150,46.7150,23463,0.0000,1.0000
2017-07-24,46.6150,46.7000,46.4350,46.5250,46.5250,29585,0.0000,1.0000
2017-07-21,46.6900,46.8000,46.4050,46.5500,46.5500,188269,0.0000,1.0000
2017-07-20,47.2000,47.4550,46.6850,46.6850,46.6850,37835,0.0000,1.0000
2017-07-19,46.9150,47.0700,46.8500,47.0700,47.0700,5172,0.0000,1.0000
2017-07-18,46.9200,46.9600,46.5550,46.6250,46.6250,35359,0.0000,1.0000
2017-07-17,47.1900,47.2450,47.0400,47.1150,47.1150,89371,0.0000,1.0000
2017-07-14,47.0450,47.1000,46.9400,47.0350,47.0350,14040,0.0000,1.0000
2017-07-13,46.9050,47.1950,46.9050,47.1200,47.1200,15756,0.0000,1.0000
2017-07-12,46.4450,47.0300,46.4450,46.9350,46.9350,10529,0.0000,1.0000
2017-07-11,46.7300,46.7550,46.3000,46.3950,46.3950,12310,0.0000,1.0000
2017-07-10,46.6800,46.7000,46.5400,46.6700,46.6700,46140,0.0000,1.0000
2017-07-07,46.3300,46.5650,46.2450,46.5600,46.5600,55762,0.0000,1.0000
2017-07-06,46.9150,46.9150,46.4150,46.4900,46.4900,11607,0.0000,1.0000
2017-07-05,46.8400,47.0150,46.7950,46.9000,46.9000,26702,0.0000,1.0000
2017-07-04,46.7900,46.9700,46.7500,46.8250,46.8250,25360,0.0000,1.0000
2017-07-03,46.7000,47.0500,46.6950,47.0250,47.0250,135498,0.0000,1.0000
2017-06-30,46.5000,46.7650,46.4900,46.5450,46.5450,25043,0.0000,1.0000
2017-06-29,47.0800,47.0950,46.5400,46.5500,46.5500,102934,0.0000,1.0000
2017-06-28,46.8200,47.1450,46.6550,47.0950,47.0950,29834,0.0000,1.0000
2017-06-27,47.6300,47.6300,47.1950,47.2600,47.2600,25245,0.0000,1.0000
2017-06-26,47.7650,47.8500,47.6500,47.6500,47.6500,101234,0.0000,1.0000
2017-06-23,47.7050,47.7300,47.5050,47.6080,47.6080,35071,0.0000,1.0000
2017-06-22,47.6100,47.8080,47.5500,47.8080,47.8080,59859,0.0000,1.0000
2017-06-21,47.7600,47.8400,47.6500,47.7530,47.7530,8774,0.0000,1.0000
2017-06-20,48.1200,48.1250,47.9480,47.9480,47.9480,37930,0.0000,1.0000
2017-06-19,47.8000,48.0200,47.7600,48.0130,48.0130,17178,0.0000,1.0000
2017-06-16,47.7750,47.7750,47.4700,47.5180,47.5180,70937,0.0000,1.0000
2017-06-15,47.4800,47.5600,47.3750,47.5600,47.5600,56556,0.0000,1.0000
2017-06-14,47.6450,47.8450,47.3950,47.4100,47.4100,97211,0.0000,1.0000
2017-06-13,47.5950,47.6500,47.5300,47.6050,47.6050,33006,0.0000,1.0000
2017-06-12,47.6450,47.6450,47.3000,47.4000,47.4000,145060,0.0000,1.0000
2017-06-09,47.6000,47.8000,47.5750,47.7880,47.7880,120245,0.0000,1.0000
2017-06-08,47.4400,47.7100,47.3100,47.5250,47.5250,72362,0.0000,1.0000
2017-06-07,47.3350,47.6300,47.2650,47.3750,47.3750,151187,0.0000,1.0000
2017-06-06,47.3550,47.5000,47.2850,47.3600,47.3600,55141,0.0000,1.0000
2017-06-02,47.6200,47.7100,47.3700,47.4480,47.4480,56471,0.0000,1.0000
2017-06-01,47.1300,47.3400,47.1300,47.3400,47.3400,122160,0.0000,1.0000
2017-05-31,47.2950,47.3050,46.9850,46.9980,46.9980,84645,0.0000,1.0000
2017-05-30,47.4000,47.4350,47.2000,47.2750,47.2750,42134,0.0000,1.0000
2017-05-29,47.3600,47.3800,47.3000,47.3550,47.3550,26696,0.0000,1.0000
2017-05-26,47.1900,47.3450,47.0000,47.3250,47.3250,41023,0.0000,1.0000
2017-05-25,47.2800,47.3150,47.0800,47.2180,47.2180,7005,0.0000,1.0000
2017-05-23,46.8650,47.0650,46.8400,46.9730,46.9730,52146,0.0000,1.0000
2017-05-22,46.9600,47.0050,46.7500,46.8550,46.8550,54279,0.0000,1.0000
2017-05-19,46.7750,46.8850,46.6900,46.8750,46.8750,127177,0.0000,1.0000
2017-05-18,46.7400,46.8300,46.4200,46.7700,46.7700,163959,0.0000,1.0000
2017-05-17,47.1900,47.3500,46.7700,46.8150,46.8150,51174,0.0000,1.0000
2017-05-16,47.8350,47.8350,47.4850,47.5800,47.5800,28006,0.0000,1.0000
2017-05-15,47.9350,47.9500,47.7800,47.9080,47.9080,93627,0.0000,1.0000
2017-05-12,48.0350,48.0400,47.7850,47.8850,47.8850,84634,0.0000,1.0000
2017-05-11,48.1150,48.2550,47.8950,48.0050,48.0050,74006,0.0000,1.0000
2017-05-10,47.9950,48.1680,47.9400,48.1680,48.1680,19056,0.0000,1.0000
2017-05-09,48.0100,48.1400,47.9500,48.0950,48.0950,30880,0.0000,1.0000
2017-05-08,47.7800,47.9200,47.7500,47.8980,47.8980,89735,0.0000,1.0000
2017-05-05,47.4100,47.6050,47.3950,47.6050,47.6050,51657,0.0000,1.0000
2017-05-04,47.7800,47.7800,47.5500,47.6250,47.6250,146185,0.0000,1.0000
2017-05-03,47.6100,47.6300,47.5150,47.5700,47.5700,68663,0.0000,1.0000
2017-05-02,47.6600,47.7800,47.6300,47.7200,47.7200,154907,0.0000,1.0000
2017-04-28,47.6750,47.7800,47.5200,47.5700,47.5700,48918,0.0000,1.0000
2017-04-27,47.5800,47.8450,47.5750,47.7250,47.7250,106510,0.0000,1.0000
2017-04-26,47.5350,47.9050,47.5350,47.9050,47.9050,16354,0.0000,1.0000
2017-04-25,47.5700,47.6300,47.4900,47.4900,47.4900,105650,0.0000,1.0000
2017-04-24,47.5700,47.6800,47.4750,47.5200,47.5200,52278,0.0000,1.0000
2017-04-21,47.6200,47.6600,47.5250,47.5430,47.5430,74759,0.0000,1.0000
2017-04-20,47.1850,47.2900,47.1400,47.2430,47.2430,95038,0.0000,1.0000
2017-04-19,47.2900,47.5050,47.2500,47.4000,47.4000,18832,0.0000,1.0000
2017-04-18,47.7350,47.7650,47.2750,47.2750,47.2750,150046,0.0000,1.0000
2017-04-13,47.7200,47.8150,47.5950,47.8000,47.8000,65043,0.0000,1.0000
2017-04-12,47.9600,48.2200,47.8250,47.8250,47.8250,137197,0.0000,1.0000
2017-04-11,48.0050,48.0700,47.6100,47.8030,47.8030,108601,0.0000,1.0000
2017-04-10,48.0900,48.1350,48.0000,48.0000,48.0000,76240,0.0000,1.0000
2017-04-07,47.7250,47.9950,47.7000,47.9550,47.9550,80209,0.0000,1.0000
2017-04-06,47.5350,47.8700,47.5100,47.8700,47.8700,71068,0.0000,1.0000
2017-04-05,47.7250,48.0700,47.7000,47.9750,47.9750,55146,0.0000,1.0000
2017-04-04,47.8150,47.9600,47.6500,47.8000,47.8000,64303,0.0000,1.0000
2017-04-03,47.9650,48.0700,47.6950,47.7050,47.7050,130367,0.0000,1.0000
2017-03-31,47.7600,47.8900,47.6850,47.8550,47.8550,16688,0.0000,1.0000
2017-03-30,47.5700,47.8000,47.5450,47.7900,47.7900,22322,0.0000,1.0000
2017-03-29,47.4100,47.5150,47.2750,47.5100,47.5100,31414,0.0000,1.0000
2017-03-28,46.9050,47.0200,46.7800,47.0080,47.0080,46522,0.0000,1.0000
2017-03-27,46.4850,46.6380,46.3000,46.6380,46.6380,42770,0.0000,1.0000
2017-03-23,47.0200,47.2530,46.9350,47.2530,47.2530,92424,0.0000,1.0000
2017-03-22,46.8450,47.0000,46.7000,46.9100,46.9100,91980,0.0000,1.0000
2017-03-21,47.5450,47.5850,47.0500,47.0550,47.0550,65456,0.0000,1.0000
2017-03-20,47.5750,47.6950,47.5600,47.6450,47.6450,23334,0.0000,1.0000
2017-03-17,47.6200,47.8100,47.6000,47.7430,47.7430,15451,0.0000,1.0000
2017-03-16,47.9150,48.3050,47.7000,47.7580,47.7580,46889,0.0000,1.0000
2017-03-15,47.7400,47.9750,47.6550,47.8500,47.8500,132230,0.0000,1.0000
2017-03-14,47.7500,47.7500,47.4850,47.5650,47.5650,20729,0.0000,1.0000
2017-03-13,47.6050,47.8050,47.5600,47.6750,47.6750,22112,0.0000,1.0000
2017-03-10,47.9200,47.9800,47.5550,47.5680,47.5680,41108,0.0000,1.0000
2017-03-09,47.8550,47.8550,47.5850,47.7850,47.7850,43948,0.0000,1.0000
2017-03-08,47.8250,48.0050,47.8250,47.9330,47.9330,26718,0.0000,1.0000
2017-03-07,47.9450,48.0000,47.8250,47.8550,47.8550,105624,0.0000,1.0000
2017-03-06,47.8100,47.9550,47.6700,47.8400,47.8400,77573,0.0000,1.0000
2017-03-03,48.1650,48.1800,48.0500,48.0900,48.0900,22982,0.0000,1.0000
2017-03-02,48.4600,48.5400,48.2050,48.3200,48.3200,49543,0.0000,1.0000
2017-03-01,48.0500,48.4000,48.0450,48.3350,48.3350,157162,0.0000,1.0000
2017-02-28,47.7650,47.7900,47.6300,47.6300,47.6300,86188,0.0000,1.0000
2017-02-27,47.8400,47.8900,47.6050,47.6050,47.6050,15005,0.0000,1.0000
2017-02-24,47.7750,47.7750,47.4450,47.6800,47.6800,83636,0.0000,1.0000
2017-02-23,47.9550,48.0850,47.7700,47.8550,47.8550,47573,0.0000,1.0000
2017-02-22,48.2000,48.4500,47.9900,48.0050,48.0050,108052,0.0000,1.0000
2017-02-21,47.7000,48.0800,47.6950,47.9400,47.9400,107857,0.0000,1.0000
2017-02-20,47.6650,47.7600,47.4800,47.5500,47.5500,34195,0.0000,1.0000
2017-02-17,47.2700,47.3250,47.0750,47.3250,47.3250,36390,0.0000,1.0000
2017-02-16,47.5000,47.5050,47.1050,47.1750,47.1750,42459,0.0000,1.0000
2017-02-15,47.5750,47.5850,47.4100,47.4550,47.4550,186750,0.0000,1.0000
2017-02-14,47.1550,47.3000,47.0900,47.2600,47.2600,84180,0.0000,1.0000
2017-02-13,46.9050,47.2400,46.8500,47.2030,47.2030,39151,0.0000,1.0000
2017-02-10,46.7650,46.8550,46.6600,46.7650,46.7650,93482,0.0000,1.0000
2017-02-09,46.2850,46.5650,46.2050,46.5650,46.5650,68476,0.0000,1.0000
2017-02-08,46.3800,46.4200,45.9850,46.1400,46.1400,21706,0.0000,1.0000
2017-02-07,46.1100,46.4450,46.1100,46.1680,46.1680,144430,0.0000,1.0000
2017-02-06,46.0350,46.1200,45.9500,45.9600,45.9600,20468,0.0000,1.0000
2017-02-03,45.7600,46.0000,45.7150,45.9380,45.9380,21949,0.0000,1.0000
2017-02-02,45.4700,45.6750,45.4100,45.6130,45.6130,24315,0.0000,1.0000
2017-02-01,45.7250,46.0100,45.6700,45.7180,45.7180,125751,0.0000,1.0000
2017-01-31,45.7550,45.8600,45.3330,45.3330,45.3330,44712,0.0000,1.0000
2017-01-30,46.1200,46.2750,45.8050,45.8200,45.8200,360193,0.0000,1.0000
2017-01-27,46.4100,46.4250,46.1550,46.2380,46.2380,14973,0.0000,1.0000
2017-01-26,46.3350,46.4750,46.2450,46.4600,46.4600,24733,0.0000,1.0000
2017-01-25,45.9300,46.3200,45.8850,46.0800,46.0800,18719,0.0000,1.0000
2017-01-24,45.5250,45.6550,45.2550,45.6150,45.6150,17319,0.0000,1.0000
2017-01-23,45.4500,45.6650,45.3750,45.4500,45.4500,74155,0.0000,1.0000
2017-01-20,45.7550,45.9800,45.7550,45.8750,45.8750,26349,0.0000,1.0000
2017-01-19,45.9700,46.1000,45.7850,45.9230,45.9230,8122,0.0000,1.0000
2017-01-18,45.8600,45.8600,45.6900,45.7930,45.7930,58679,0.0000,1.0000
2017-01-17,45.8500,45.9000,45.5600,45.7000,45.7000,20948,0.0000,1.0000
2017-01-16,46.1000,46.2100,46.1000,46.1000,46.1000,107146,0.0000,1.0000
2017-01-13,46.0350,46.2650,45.9700,46.2450,46.2450,10552,0.0000,1.0000
2017-01-12,45.9500,46.0450,45.6600,45.7250,45.7250,68064,0.0000,1.0000
2017-01-11,46.2200,46.7400,46.1350,46.5000,46.5000,99703,0.0000,1.0000
2017-01-10,46.0850,46.2250,45.9750,46.2250,46.2250,31466,0.0000,1.0000
2017-01-09,46.4300,46.5150,46.1900,46.1950,46.1950,73046,0.0000,1.0000
2017-01-06,46.0950,46.3000,46.0450,46.3000,46.3000,22565,0.0000,1.0000
2017-01-05,46.1400,46.4500,45.9600,46.0330,46.0330,26963,0.0000,1.0000
2017-01-04,46.4450,46.4600,46.2900,46.3900,46.3900,15668,0.0000,1.0000
2017-01-03,46.1600,46.6300,46.1600,46.2500,46.2500,97049,0.0000,1.0000
2017-01-02,45.5300,46.2450,45.5200,46.0000,46.0000,77575,0.0000,1.0000
2016-12-30,45.8100,45.8100,45.5300,45.7700,45.7700,15068,0.0000,1.0000
2016-12-29,45.9050,46.0150,45.5850,45.8130,45.8130,32348,0.0000,1.0000
2016-12-28,46.1500,46.4450,46.0850,46.3400,46.3400,21767,0.0000,1.0000
2016-12-27,46.1650,46.2950,46.1100,46.2050,46.2050,148660,0.0000,1.0000
2016-12-23,46.2200,46.2200,46.0500,46.1150,46.1150,37086,0.0000,1.0000
2016-12-22,46.1600,46.1800,45.9050,46.0850,46.0850,24980,0.0000,1.0000
2016-12-21,46.4000,46.4650,46.2500,46.3150,46.3150,42326,0.0000,1.0000
2016-12-20,46.4050,46.6150,46.4000,46.4900,46.4900,25491,0.0000,1.0000
2016-12-19,46.2000,46.2400,46.0650,46.1650,46.1650,15574,0.0000,1.0000
2016-12-16,46.1550,46.3200,46.0300,46.1600,46.1600,61890,0.0000,1.0000
2016-12-15,45.8700,46.4200,45.5800,46.3850,46.3850,91710,0.0000,1.0000
2016-12-14,45.6300,45.9500,45.5050,45.5050,45.5050,103248,0.0000,1.0000
2016-12-13,45.4100,45.7550,45.4100,45.6630,45.6630,32760,0.0000,1.0000
2016-12-12,45.7250,45.7250,45.4650,45.5580,45.5580,36177,0.0000,1.0000
2016-12-09,45.2900,45.7700,45.2700,45.7050,45.7050,33322,0.0000,1.0000
2016-12-08,44.6000,45.2700,44.4250,45.2300,45.2300,121424,0.0000,1.0000
2016-12-07,44.2950,44.3100,44.1650,44.2700,44.2700,65488,0.0000,1.0000
2016-12-06,43.8300,44.0600,43.7650,44.0250,44.0250,11981,0.0000,1.0000
2016-12-05,44.1250,44.3000,43.8850,43.9950,43.9950,49991,0.0000,1.0000
2016-12-02,43.7800,44.0000,43.7650,43.9480,43.9480,18439,0.0000,1.0000
2016-12-01,44.1950,44.3150,44.0700,44.1430,44.1430,93823,0.0000,1.0000
2016-11-30,44.2900,44.6000,44.2450,44.5250,44.5250,14071,0.0000,1.0000
2016-11-29,44.2100,44.4350,44.1800,44.3400,44.3400,40606,0.0000,1.0000
2016-11-28,44.2050,44.4850,44.0600,44.3680,44.3680,11120,0.0000,1.0000
2016-11-25,44.3950,44.4350,44.3000,44.4280,44.4280,9108,0.0000,1.0000
2016-11-23,44.2500,44.4900,44.1700,44.3330,44.3330,32094,0.0000,1.0000
2016-11-22,44.2950,44.4500,44.0950,44.0950,44.0950,15862,0.0000,1.0000
2016-11-21,43.9500,44.0880,43.7200,44.0880,44.0880,25568,0.0000,1.0000
2016-11-18,43.9900,44.0050,43.8000,43.9000,43.9000,13126,0.0000,1.0000
2016-11-17,43.4400,43.8400,43.4200,43.8400,43.8400,12448,0.0000,1.0000
2016-11-16,43.5850,43.6000,43.0250,43.5680,43.5680,13852,0.0000,1.0000
2016-11-15,43.1400,43.3750,43.0350,43.3380,43.3380,62667,0.0000,1.0000
2016-11-14,43.2800,43.3300,42.9900,43.1980,43.1980,24431,0.0000,1.0000
2016-11-11,42.8900,42.9000,42.6100,42.7600,42.7600,13200,0.0000,1.0000
2016-11-10,42.9400,43.1550,42.6000,42.7330,42.7330,42379,0.0000,1.0000
2016-11-09,41.0200,42.5850,40.7100,42.5850,42.5850,91836,0.0000,1.0000
2016-11-08,41.7800,41.9150,41.6500,41.9150,41.9150,53732,0.0000,1.0000
2016-11-07,41.5500,41.7350,41.4400,41.7350,41.7350,73027,0.0000,1.0000
2016-11-04,40.9750,41.0650,40.8400,40.9550,40.9550,58466,0.0000,1.0000
2016-11-03,41.0700,41.4400,41.0050,41.1230,41.1230,15780,0.0000,1.0000
2016-11-02,41.3850,41.5350,41.2000,41.2000,41.2000,33177,0.0000,1.0000
2016-11-01,42.3000,42.3000,41.6500,41.6580,41.6580,82359,0.0000,1.0000
2016-10-31,42.3150,42.3400,42.2200,42.2630,42.2630,15557,0.0000,1.0000
2016-10-28,42.3000,42.4950,42.2050,42.4650,42.4650,15238,0.0000,1.0000
2016-10-27,42.5650,42.6900,42.4400,42.5430,42.5430,13009,0.0000,1.0000
2016-10-26,42.6600,42.7100,42.4000,42.6600,42.6600,9155,0.0000,1.0000
2016-10-25,42.9800,43.0200,42.8000,42.8030,42.8030,6027,0.0000,1.0000
2016-10-24,42.9250,43.0000,42.8900,42.8980,42.8980,56403,0.0000,1.0000
2016-10-21,42.7100,42.7750,42.6000,42.7600,42.7600,10593,0.0000,1.0000
2016-10-20,42.5700,42.7000,42.2350,42.5880,42.5880,28295,0.0000,1.0000
2016-10-19,42.3250,42.5750,42.2500,42.5680,42.5680,7543,0.0000,1.0000
2016-10-14,41.9600,42.3100,41.9600,42.2200,42.2200,22480,0.0000,1.0000
2016-10-13,41.8650,41.8650,41.6000,41.7580,41.7580,18808,0.0000,1.0000
2016-10-12,42.0600,42.1450,41.9800,42.1430,42.1430,8079,0.0000,1.0000
2016-10-11,42.1600,42.3500,42.0000,42.0380,42.0380,7553,0.0000,1.0000
2016-10-10,41.9400,42.2700,41.8500,42.2300,42.2300,11716,0.0000,1.0000
2016-10-07,42.1250,42.4100,41.8450,41.8680,41.8680,33623,0.0000,1.0000
2016-10-06,42.1300,42.1400,41.8000,41.9630,41.9630,13730,0.0000,1.0000
2016-10-05,41.7700,42.0800,41.7700,42.0450,42.0450,39992,0.0000,1.0000
2016-10-04,42.2100,42.4850,42.1400,42.2600,42.2600,101306,0.0000,1.0000
2016-09-30,41.6550,42.0650,41.6550,42.0650,42.0650,24126,0.0000,1.0000
2016-09-29,42.2100,42.2300,42.0000,42.0130,42.0130,3846,0.0000,1.0000
2016-09-28,42.0450,42.1200,41.8750,41.9330,41.9330,10539,0.0000,1.0000
2016-09-27,41.8950,41.8950,41.6000,41.8700,41.8700,3338,0.0000,1.0000
2016-09-26,41.9300,41.9300,41.5650,41.5650,41.5650,68112,0.0000,1.0000
2016-09-23,42.3100,42.3850,42.1400,42.1880,42.1880,26675,0.0000,1.0000
2016-09-22,42.0300,42.3750,42.0300,42.3150,42.3150,31226,0.0000,1.0000
2016-09-21,42.0500,42.0800,41.9250,41.9250,41.9250,6910,0.0000,1.0000
2016-09-20,41.6450,41.7750,41.6100,41.7080,41.7080,25710,0.0000,1.0000
2016-09-19,41.6750,41.7600,41.6700,41.7550,41.7550,9004,0.0000,1.0000
2016-09-16,41.3950,41.5000,41.2800,41.4550,41.4550,5356,0.0000,1.0000
2016-09-15,41.0250,41.4030,40.9850,41.4030,41.4030,102756,0.0000,1.0000
2016-09-14,41.2700,41.5050,41.0750,41.0750,41.0750,13946,0.0000,1.0000
2016-09-13,41.6450,41.6450,41.0650,41.0650,41.0650,10685,0.0000,1.0000
2016-09-12,40.9800,41.4800,40.9300,41.4800,41.4800,29824,0.0000,1.0000
2016-09-09,42.0900,42.0950,41.8300,41.8530,41.8530,16860,0.0000,1.0000
2016-09-08,42.3800,42.4250,41.9950,42.2380,42.2380,11494,0.0000,1.0000
2016-09-07,42.3800,42.4350,42.3200,42.3400,42.3400,49497,0.0000,1.0000
2016-09-06,42.5750,42.5750,42.2750,42.2750,42.2750,9532,0.0000,1.0000
2016-09-05,42.4850,42.6200,42.4350,42.4980,42.4980,21502,0.0000,1.0000
2016-09-02,42.0200,42.4430,41.9300,42.4430,42.4430,10699,0.0000,1.0000
2016-09-01,42.2450,42.2950,41.8500,41.8900,41.8900,90267,0.0000,1.0000
2016-08-31,42.1900,42.2850,41.9930,41.9930,41.9930,9621,0.0000,1.0000
2016-08-30,42.1450,42.3000,42.1450,42.1680,42.1680,5541,0.0000,1.0000
2016-08-29,41.9100,42.1400,41.8650,42.1400,42.1400,16021,0.0000,1.0000
2016-08-26,41.7300,42.0130,41.5950,42.0130,42.0130,6799,0.0000,1.0000
2016-08-25,41.8650,41.8650,41.6650,41.8230,41.8230,10862,0.0000,1.0000
2016-08-24,41.8500,42.1250,41.8350,42.0480,42.0480,8706,0.0000,1.0000
2016-08-23,41.7500,41.9250,41.7500,41.9100,41.9100,27333,0.0000,1.0000
2016-08-22,41.8800,41.9200,41.6050,41.6350,41.6350,23117,0.0000,1.0000
2016-08-19,41.7250,41.7250,41.5700,41.6500,41.6500,11975,0.0000,1.0000
2016-08-18,41.7650,41.8200,41.6750,41.7780,41.7780,36014,0.0000,1.0000
2016-08-17,42.0050,42.0050,41.6680,41.6680,41.6680,166750,0.0000,1.0000
2016-08-16,42.0900,42.1000,41.8650,41.9000,41.9000,23610,0.0000,1.0000
2016-08-15,42.3500,42.4350,42.3500,42.3700,42.3700,64621,0.0000,1.0000
2016-08-12,42.4350,42.4350,42.2350,42.3200,42.3200,7021,0.0000,1.0000
2016-08-11,42.2500,42.4030,42.1850,42.4030,42.4030,11290,0.0000,1.0000
2016-08-10,42.2350,42.3250,42.0880,42.0880,42.0880,7207,0.0000,1.0000
2016-08-09,42.2950,42.4050,42.2950,42.4050,42.4050,17696,0.0000,1.0000
2016-08-08,42.2800,42.4000,42.2650,42.3250,42.3250,60636,0.0000,1.0000
2016-08-05,41.8450,42.3150,41.7900,42.2700,42.2700,42185,0.0000,1.0000
2016-08-04,41.7150,41.8550,41.6750,41.7930,41.7930,21821,0.0000,1.0000
2016-08-03,41.3250,41.5000,41.2350,41.4380,41.4380,39438,0.0000,1.0000
2016-08-02,41.7350,41.7350,41.2500,41.2650,41.2650,12993,0.0000,1.0000
2016-08-01,42.0900,42.1450,41.8000,41.8780,41.8780,80554,0.0000,1.0000
2016-07-29,41.9300,42.0050,41.7000,41.9150,41.9150,14371,0.0000,1.0000
2016-07-28,41.9600,42.0000,41.7900,41.7900,41.7900,90817,0.0000,1.0000
2016-07-27,42.3550,42.3750,42.1900,42.2400,42.2400,31312,0.0000,1.0000
2016-07-26,42.1900,42.4800,41.9750,42.2150,42.2150,73028,0.0000,1.0000
2016-07-25,42.3550,42.4150,42.1930,42.1930,42.1930,72365,0.0000,1.0000
2016-07-22,42.0600,42.2800,42.0000,42.2630,42.2630,5822,0.0000,1.0000
2016-07-21,42.2400,42.3000,41.9850,42.2180,42.2180,10959,0.0000,1.0000
2016-07-20,42.1900,42.2950,42.1200,42.2900,42.2900,18831,0.0000,1.0000
2016-07-19,41.8400,42.0000,41.7350,41.9850,41.9850,6394,0.0000,1.0000
2016-07-18,42.0000,42.0650,41.8600,41.8800,41.8800,26108,0.0000,1.0000
2016-07-15,41.6200,41.9900,41.5650,41.8630,41.8630,106069,0.0000,1.0000
2016-07-14,41.8900,41.9200,41.6750,41.8300,41.8300,118699,0.0000,1.0000
2016-07-13,41.7050,41.7550,41.4780,41.4780,41.4780,6767,0.0000,1.0000
2016-07-12,41.3550,41.7200,41.3450,41.7200,41.7200,22223,0.0000,1.0000
2016-07-11,41.2600,41.4850,41.2200,41.4600,41.4600,22587,0.0000,1.0000
2016-07-08,40.3950,41.0000,40.3950,40.9780,40.9780,14001,0.0000,1.0000
2016-07-07,40.4050,40.6000,40.4000,40.4650,40.4650,81953,0.0000,1.0000
2016-07-06,40.2250,40.3850,39.9850,40.1580,40.1580,37638,0.0000,1.0000
2016-07-05,40.4650,40.4650,40.1400,40.3000,40.3000,37758,0.0000,1.0000
2016-07-04,40.7850,40.8000,40.5730,40.5730,40.5730,17582,0.0000,1.0000
2016-07-01,40.5950,40.7900,40.3500,40.5680,40.5680,108096,0.0000,1.0000
2016-06-30,39.9950,40.3250,39.9100,40.3250,40.3250,10269,0.0000,1.0000
2016-06-29,39.6300,39.9880,39.5900,39.9880,39.9880,22869,0.0000,1.0000
2016-06-28,39.0500,39.3750,39.0250,39.2030,39.2030,48627,0.0000,1.0000
2016-06-27,39.3500,39.4500,38.7000,38.7700,38.7700,51860,0.0000,1.0000
2016-06-24,39.0450,40.3600,38.8850,39.7150,39.7150,99627,0.0000,1.0000
2016-06-23,40.2500,40.7200,40.2500,40.4950,40.4950,18406,0.0000,1.0000
2016-06-22,40.3450,40.4250,40.1900,40.3100,40.3100,40623,0.0000,1.0000
2016-06-21,39.9850,40.2530,39.9700,40.2530,40.2530,7772,0.0000,1.0000
2016-06-20,39.8600,40.1500,39.8600,40.1500,40.1500,49260,0.0000,1.0000
2016-06-17,39.5750,39.6600,39.3800,39.4050,39.4050,28744,0.0000,1.0000
2016-06-16,39.1250,39.5000,39.1100,39.2050,39.2050,61627,0.0000,1.0000
2016-06-15,39.5550,39.7300,39.5550,39.5750,39.5750,66798,0.0000,1.0000
2016-06-13,39.8800,39.9000,39.7150,39.7150,39.7150,38033,0.0000,1.0000
2016-06-10,40.3700,40.3700,39.9900,40.1050,40.1050,8569,0.0000,1.0000
2016-06-09,40.3850,40.4900,40.2750,40.3900,40.3900,10514,0.0000,1.0000
2016-06-08,40.4600,40.5300,40.3800,40.4680,40.4680,10476,0.0000,1.0000
2016-06-07,40.4400,40.6200,40.4400,40.6200,40.6200,44376,0.0000,1.0000
2016-06-06,40.2000,40.3900,40.2000,40.3150,40.3150,27159,0.0000,1.0000
2016-06-02,40.4900,40.6080,40.4000,40.6080,40.6080,8223,0.0000,1.0000
2016-06-01,40.7900,40.8950,40.4350,40.5530,40.5530,73966,0.0000,1.0000
2016-05-31,41.0150,41.0150,40.7850,40.8130,40.8130,61930,0.0000,1.0000
2016-05-30,40.9800,41.0000,40.9100,40.9430,40.9430,10698,0.0000,1.0000
2016-05-27,40.6100,40.8680,40.6100,40.8680,40.8680,9946,0.0000,1.0000
2016-05-26,40.6500,40.6850,40.5350,40.6180,40.6180,9182,0.0000,1.0000
2016-05-25,40.5000,40.6480,40.4800,40.6480,40.6480,61811,0.0000,1.0000
2016-05-24,39.5750,40.3030,39.4900,40.3030,40.3030,9825,0.0000,1.0000
2016-05-23,39.6800,39.7600,39.5700,39.6400,39.6400,15975,0.0000,1.0000
2016-05-20,39.6600,39.7900,39.5500,39.7900,39.7900,22132,0.0000,1.0000
2016-05-19,39.5050,39.7200,39.2000,39.2030,39.2030,7654,0.0000,1.0000
2016-05-18,39.4150,39.7000,39.2200,39.5600,39.5600,20401,0.0000,1.0000
2016-05-17,39.7300,39.7300,39.3550,39.4200,39.4200,89728,0.0000,1.0000
2016-05-13,39.0900,39.5150,39.0700,39.4930,39.4930,9043,0.0000,1.0000
2016-05-12,39.2400,39.5450,39.1100,39.1350,39.1350,59151,0.0000,1.0000
2016-05-11,39.4900,39.4900,39.2700,39.3150,39.3150,6319,0.0000,1.0000
2016-05-10,39.4300,39.4830,39.3000,39.4830,39.4830,22808,0.0000,1.0000
2016-05-09,40.0000,40.0000,39.0000,39.0080,39.0080,44147,0.0000,1.0000
2016-05-06,38.8250,38.8650,38.6100,38.7950,38.7950,20614,0.0000,1.0000
2016-05-05,38.9300,39.1250,38.8700,39.0230,39.0230,13992,0.0000,1.0000
2016-05-04,38.9400,38.9800,38.6000,38.6350,38.6350,21748,0.0000,1.0000
2016-05-03,39.4900,39.8000,38.6200,38.8330,38.8330,12348,0.0000,1.0000
2016-05-02,39.5600,39.7300,39.2300,39.3030,39.3030,87061,0.0000,1.0000
2016-04-29,39.8050,39.8450,39.1400,39.1400,39.1400,15064,0.0000,1.0000
2016-04-28,40.0250,40.3550,39.7350,40.3400,40.3400,31578,0.0000,1.0000
2016-04-27,40.3050,40.3050,40.1350,40.2780,40.2780,9694,0.0000,1.0000
2016-04-26,40.5350,40.5350,40.2200,40.2880,40.2880,7582,0.0000,1.0000
2016-04-25,40.6150,40.6150,40.2250,40.2780,40.2780,30813,0.0000,1.0000
2016-04-22,40.5800,40.6100,40.3950,40.5150,40.5150,9378,0.0000,1.0000
2016-04-21,40.8050,40.8050,40.3250,40.5430,40.5430,20452,0.0000,1.0000
2016-04-20,40.3500,40.5930,40.1800,40.5930,40.5930,17725,0.0000,1.0000
2016-04-19,40.2750,40.5000,40.2000,40.3130,40.3130,61080,0.0000,1.0000
2016-04-15,40.1450,40.1450,39.8200,39.9350,39.9350,67110,0.0000,1.0000
2016-04-14,40.0000,40.1630,39.9400,40.1630,40.1630,12625,0.0000,1.0000
2016-04-13,39.4700,39.9380,39.4700,39.9380,39.9380,55192,0.0000,1.0000
2016-04-12,38.7650,39.2500,38.5000,39.0000,39.0000,5852,0.0000,1.0000
2016-04-11,38.6150,38.8500,38.4950,38.6700,38.6700,14857,0.0000,1.0000
2016-04-08,38.6600,38.8550,38.5050,38.6430,38.6430,13181,0.0000,1.0000
2016-04-07,38.7150,38.8500,38.3700,38.4530,38.4530,42021,0.0000,1.0000
2016-04-06,38.6050,38.6750,38.4200,38.6000,38.6000,24700,0.0000,1.0000
2016-04-05,38.6900,38.6900,38.3750,38.3750,38.3750,24593,0.0000,1.0000
2016-04-04,38.9900,39.1550,38.8800,38.9380,38.9380,18092,0.0000,1.0000
2016-03-31,39.2700,39.2700,39.0150,39.1000,39.1000,9899,0.0000,1.0000
2016-03-30,39.3850,39.5550,39.3350,39.3930,39.3930,19527,0.0000,1.0000
2016-03-29,39.4100,39.4100,39.0000,39.1480,39.1480,17178,0.0000,1.0000
2016-03-24,39.2800,39.2800,39.0000,39.0100,39.0100,11142,0.0000,1.0000
2016-03-23,39.6750,39.7850,39.3500,39.4730,39.4730,23771,0.0000,1.0000
2016-03-22,39.3550,39.5180,39.2350,39.5180,39.5180,11494,0.0000,1.0000
2016-03-21,39.2900,39.5000,39.2000,39.3700,39.3700,32823,0.0000,1.0000
2016-03-18,39.1100,39.3550,39.0550,39.3430,39.3430,9583,0.0000,1.0000
2016-03-17,39.3050,39.3050,38.5800,39.1150,39.1150,10396,0.0000,1.0000
2016-03-16,39.4150,39.4150,39.2350,39.3280,39.3280,8505,0.0000,1.0000
2016-03-15,39.3300,39.3300,39.1550,39.1730,39.1730,70774,0.0000,1.0000
2016-03-14,39.4550,39.7550,39.3700,39.5080,39.5080,39764,0.0000,1.0000
2016-03-11,39.0750,39.3350,39.0750,39.1000,39.1000,80802,0.0000,1.0000
2016-03-10,39.2050,39.9600,38.2950,38.2950,38.2950,39860,0.0000,1.0000
2016-03-09,39.1100,39.5000,39.1000,39.1280,39.1280,12511,0.0000,1.0000
2016-03-08,39.0500,39.2000,38.8900,38.9380,38.9380,113437,0.0000,1.0000
2016-03-07,39.3750,39.5150,39.2000,39.4000,39.4000,60617,0.0000,1.0000
2016-03-04,39.4300,39.6250,39.1000,39.4280,39.4280,49288,0.0000,1.0000
2016-03-03,39.4800,39.4800,39.1180,39.1180,39.1180,14804,0.0000,1.0000
2016-03-02,39.3650,39.3650,39.0000,39.3400,39.3400,29373,0.0000,1.0000
2016-02-29,37.9250,38.6730,37.9200,38.6730,38.6730,13444,0.0000,1.0000
2016-02-26,38.2350,38.5200,38.2100,38.4080,38.4080,14873,0.0000,1.0000
2016-02-25,37.6350,37.8150,37.4900,37.6300,37.6300,45841,0.0000,1.0000
2016-02-24,37.6800,37.6800,36.8650,36.9680,36.9680,6487,0.0000,1.0000
2016-02-23,37.8200,37.9900,37.5650,37.5930,37.5930,81328,0.0000,1.0000
2016-02-22,37.7500,38.1000,37.7000,38.0350,38.0350,52513,0.0000,1.0000
2016-02-19,37.2200,37.5000,36.9950,37.2000,37.2000,18953,0.0000,1.0000
2016-02-18,37.5500,37.7250,37.3100,37.4230,37.4230,33542,0.0000,1.0000
2016-02-17,36.5300,37.3550,36.5300,37.3430,37.3430,36042,0.0000,1.0000
2016-02-16,36.7650,36.7650,36.3050,36.4730,36.4730,17737,0.0000,1.0000
2016-02-15,36.2000,36.5800,36.2000,36.5350,36.5350,57358,0.0000,1.0000
2016-02-12,34.9850,35.7650,34.9750,35.6050,35.6050,13251,0.0000,1.0000
2016-02-11,35.2700,35.3900,34.4380,34.4380,34.4380,59390,0.0000,1.0000
2016-02-10,35.3350,36.3000,35.3350,35.7650,35.7650,79969,0.0000,1.0000
2016-02-09,35.8500,35.9850,35.1300,35.2350,35.2350,32462,0.0000,1.0000
2016-02-08,36.8800,36.8800,35.6300,35.7030,35.7030,168040,0.0000,1.0000
2016-02-05,37.0900,37.3700,36.7000,36.7530,36.7530,41381,0.0000,1.0000
2016-02-04,37.5500,37.5500,36.8950,37.1280,37.1280,45447,0.0000,1.0000
2016-02-03,37.9350,37.9500,36.7350,37.0480,37.0480,4062,0.0000,1.0000
2016-02-02,38.5150,38.5150,37.8450,38.0530,38.0530,14154,0.0000,1.0000
2016-02-01,38.7650,38.9690,38.2800,38.5950,38.5950,114019,0.0000,1.0000
2016-01-29,38.2250,38.5380,37.9350,38.5380,38.5380,27806,0.0000,1.0000
2016-01-28,38.0050,38.0650,37.4800,37.4950,37.4950,10506,0.0000,1.0000
2016-01-27,37.9600,38.1580,37.7900,38.1580,38.1580,9429,0.0000,1.0000
2016-01-26,37.2700,38.0450,37.1350,37.9980,37.9980,8075,0.0000,1.0000
2016-01-25,38.2200,38.2550,37.8700,37.9380,37.9380,21802,0.0000,1.0000
2016-01-22,37.8000,38.3150,37.7350,38.0730,38.0730,10424,0.0000,1.0000
2016-01-21,36.7700,37.3530,36.5400,37.3530,37.3530,19367,0.0000,1.0000
2016-01-20,36.6250,36.7050,36.1850,36.3780,36.3780,43309,0.0000,1.0000
2016-01-19,38.0150,38.1400,37.5000,37.6330,37.6330,20951,0.0000,1.0000
2016-01-18,37.5650,37.8150,37.2550,37.3450,37.3450,104616,0.0000,1.0000
2016-01-15,38.2200,38.2200,37.0150,37.1600,37.1600,77155,0.0000,1.0000
2016-01-14,38.1550,38.3000,37.1600,38.0950,38.0950,50270,0.0000,1.0000
2016-01-13,39.1250,39.2200,38.6000,38.8080,38.8080,52078,0.0000,1.0000
2016-01-12,38.2500,38.9500,38.1200,38.5180,38.5180,19494,0.0000,1.0000
2016-01-11,38.5100,38.6950,38.2980,38.2980,38.2980,64993,0.0000,1.0000
2016-01-08,39.1900,39.3300,38.4650,38.4650,38.4650,67562,0.0000,1.0000
2016-01-07,39.3500,39.5250,38.7600,39.3230,39.3230,232878,0.0000,1.0000
2016-01-06,40.6200,40.6200,40.0150,40.3280,40.3280,23533,0.0000,1.0000
2016-01-05,40.7400,40.8750,40.3600,40.8250,40.8250,110698,0.0000,1.0000
2016-01-04,40.2400,40.6000,39.9900,40.2780,40.2780,72608,0.0000,1.0000
2015-12-30,41.4700,41.4700,41.3200,41.3700,41.3700,42435,0.0000,1.0000
2015-12-29,41.1000,41.5150,41.0250,41.5150,41.5150,18506,0.0000,1.0000
2015-12-28,41.6000,41.6000,40.5500,40.6600,40.6600,29484,0.0000,1.0000
2015-12-23,40.6300,41.2500,40.6300,41.2330,41.2330,17469,0.0000,1.0000
2015-12-22,40.5300,40.5300,40.0800,40.2400,40.2400,9550,0.0000,1.0000
2015-12-21,40.4250,40.7000,40.0530,40.0530,40.0530,41060,0.0000,1.0000
2015-12-18,40.6000,40.8900,40.5450,40.6180,40.6180,57306,0.0000,1.0000
2015-12-17,41.3450,41.5650,41.1700,41.1730,41.1730,30731,0.0000,1.0000
2015-12-16,40.8500,41.2600,40.5600,40.6530,40.6530,13335,0.0000,1.0000
2015-12-15,39.7750,40.5800,39.7100,40.5330,40.5330,58215,0.0000,1.0000
2015-12-14,40.1500,40.2700,39.3280,39.3280,39.3280,22662,0.0000,1.0000
2015-12-11,40.7950,40.7950,39.8850,39.9830,39.9830,22987,0.0000,1.0000
2015-12-10,40.6800,40.9450,40.5100,40.8480,40.8480,15265,0.0000,1.0000
2015-12-09,41.1500,41.1500,40.6850,40.8480,40.8480,22034,0.0000,1.0000
2015-12-08,41.6250,41.7700,40.9900,41.1730,41.1730,12562,0.0000,1.0000
2015-12-07,41.9150,42.2350,41.6000,41.6100,41.6100,40675,0.0000,1.0000
2015-12-04,41.5500,41.6500,41.0500,41.5830,41.5830,40316,0.0000,1.0000
2015-12-03,43.2000,43.5450,41.5700,41.5700,41.5700,79620,0.0000,1.0000
2015-12-01,43.1950,43.3100,43.0000,43.1000,43.1000,53415,0.0000,1.0000
2015-11-30,43.0250,43.3500,42.9450,43.1030,43.1030,24388,0.0000,1.0000
2015-11-27,42.9800,43.1150,42.8700,43.0530,43.0530,22924,0.0000,1.0000
2015-11-26,43.0900,43.2100,43.0050,43.2030,43.2030,10751,0.0000,1.0000
2015-11-25,42.6750,43.0800,42.5750,42.9730,42.9730,118787,0.0000,1.0000
2015-11-24,42.8200,42.8200,42.3000,42.6430,42.6430,67807,0.0000,1.0000
2015-11-23,42.9550,43.3500,42.7500,43.0100,43.0100,43370,0.0000,1.0000
2015-11-20,42.7600,42.9250,42.6300,42.9080,42.9080,18689,0.0000,1.0000
2015-11-19,42.8300,42.8300,42.4080,42.4080,42.4080,164825,0.0000,1.0000
2015-11-18,42.2000,42.4800,41.8100,42.4800,42.4800,35027,0.0000,1.0000
2015-11-17,42.0300,42.4530,42.0300,42.4530,42.4530,17463,0.0000,1.0000
2015-11-16,41.2000,41.4850,41.0450,41.4100,41.4100,78853,0.0000,1.0000
2015-11-13,41.6500,41.6500,41.2750,41.4080,41.4080,41492,0.0000,1.0000
2015-11-12,42.3200,42.3300,41.6850,41.7650,41.7650,22151,0.0000,1.0000
2015-11-11,42.3500,42.5900,42.2000,42.2700,42.2700,6829,0.0000,1.0000
2015-11-10,42.2500,42.2800,42.0350,42.2380,42.2380,10893,0.0000,1.0000
2015-11-09,42.5250,42.5250,41.9000,41.9200,41.9200,32822,0.0000,1.0000
2015-11-06,42.1850,42.8400,42.0750,42.4130,42.4130,39569,0.0000,1.0000
2015-11-05,42.4200,42.5000,42.0800,42.5000,42.5000,27927,0.0000,1.0000
2015-11-04,42.2400,42.4300,42.1600,42.2300,42.2300,22433,0.0000,1.0000
2015-11-03,41.7550,42.0200,41.6450,42.0100,42.0100,20163,0.0000,1.0000
2015-11-02,41.1950,41.5530,41.1300,41.5530,41.5530,43843,0.0000,1.0000
2015-10-30,41.8350,41.8350,41.2800,41.4980,41.4980,12070,0.0000,1.0000
2015-10-29,41.8950,41.8950,41.5200,41.6850,41.6850,21892,0.0000,1.0000
2015-10-28,41.2550,41.3750,41.1000,41.3680,41.3680,7340,0.0000,1.0000
2015-10-27,41.2650,41.2650,41.0430,41.0430,41.0430,7625,0.0000,1.0000
2015-10-26,41.3900,41.5050,41.2200,41.3350,41.3350,18882,0.0000,1.0000
2015-10-23,41.0450,41.5300,40.9300,41.4230,41.4230,16303,0.0000,1.0000
2015-10-22,39.5550,40.5350,39.4500,40.5350,40.5350,8536,0.0000,1.0000
2015-10-21,39.6000,39.7400,39.4500,39.6500,39.6500,6256,0.0000,1.0000
2015-10-20,39.6800,39.7050,39.4050,39.6000,39.6000,34822,0.0000,1.0000
2015-10-19,39.6750,39.9950,39.6000,39.7400,39.7400,30075,0.0000,1.0000
2015-10-16,39.5200,39.6450,39.4650,39.6280,39.6280,31769,0.0000,1.0000
2015-10-15,38.9200,39.2150,38.8100,39.1130,39.1130,38145,0.0000,1.0000
2015-10-14,38.8750,39.0000,38.6850,38.6850,38.6850,5124,0.0000,1.0000
2015-10-13,39.3950,39.3950,38.7850,39.2450,39.2450,7209,0.0000,1.0000
2015-10-12,39.3800,39.4450,39.2800,39.3780,39.3780,30478,0.0000,1.0000
2015-10-09,39.7150,39.7150,39.3750,39.3830,39.3830,15295,0.0000,1.0000
2015-10-08,39.1950,39.3350,38.9100,39.2730,39.2730,6329,0.0000,1.0000
2015-10-07,39.3000,39.5850,39.0400,39.1200,39.1200,41938,0.0000,1.0000
2015-09-30,37.4850,37.8250,37.4400,37.7850,37.7850,8009,0.0000,1.0000
2015-09-29,36.7550,37.1750,36.5900,36.9100,36.9100,12109,0.0000,1.0000
2015-09-25,38.3000,38.5800,38.2750,38.3050,38.3050,13501,0.0000,1.0000
2015-09-21,38.4100,39.0650,38.3000,38.9300,38.9300,33843,0.0000,1.0000
2015-09-18,38.7700,38.7700,38.1000,38.3900,38.3900,10675,0.0000,1.0000
2015-09-17,39.2500,39.2500,38.9800,39.1230,39.1230,8073,0.0000,1.0000
2015-09-15,38.4350,38.6700,38.1000,38.6530,38.6530,22351,0.0000,1.0000
2015-09-14,38.2550,38.5450,38.2000,38.2330,38.2330,20669,0.0000,1.0000
2015-09-11,38.5950,38.5950,38.1800,38.1800,38.1800,5534,0.0000,1.0000
2015-09-09,39.5550,39.6900,39.2150,39.2530,39.2530,9633,0.0000,1.0000
2015-09-08,38.6450,39.0250,38.6450,38.7500,38.7500,25805,0.0000,1.0000
2015-09-07,38.7400,38.7400,38.3150,38.3950,38.3950,22604,0.0000,1.0000
2015-09-04,38.7300,38.7300,38.0500,38.2780,38.2780,44042,0.0000,1.0000
2015-09-03,38.6400,39.3200,38.5350,39.2850,39.2850,28857,0.0000,1.0000
2015-09-02,38.2300,38.4150,37.8950,38.1280,38.1280,6814,0.0000,1.0000
2015-09-01,38.4750,38.5000,37.8450,38.1700,38.1700,130162,0.0000,1.0000
2015-08-31,39.2800,39.3050,38.9800,39.2480,39.2480,33043,0.0000,1.0000
2015-08-28,39.3250,39.4850,38.8900,39.4850,39.4850,14564,0.0000,1.0000
2015-08-27,38.6200,39.3550,38.6200,39.1700,39.1700,36567,0.0000,1.0000
2015-08-26,36.9250,38.1000,36.9100,37.2050,37.2050,15181,0.0000,1.0000
2015-08-25,37.1200,38.3900,37.0000,38.0500,38.0500,242880,0.0000,1.0000
2015-08-04,42.8500,42.8500,42.6700,42.7800,42.7800,3356,0.0000,1.0000
2015-08-03,42.8350,42.9050,42.7000,42.8700,42.8700,37033,0.0000,1.0000
2015-07-20,43.8450,43.8800,43.6900,43.7780,43.7780,23132,0.0000,1.0000
2015-07-14,42.7300,42.9800,42.5050,42.8300,42.8300,6767,0.0000,1.0000
2015-07-13,41.9350,42.5650,41.8850,42.5450,42.5450,17699,0.0000,1.0000
2015-07-09,41.1600,41.7100,41.1600,41.6100,41.6100,23533,0.0000,1.0000
2015-07-07,42.0600,42.1150,41.4150,41.4150,41.4150,13847,0.0000,1.0000
2015-07-06,41.6500,41.7800,41.5000,41.6980,41.6980,25112,0.0000,1.0000
2015-07-02,42.1750,42.2100,41.8980,41.8980,41.8980,16860,0.0000,1.0000
2015-06-26,42.1850,42.4930,42.1850,42.4930,42.4930,6937,0.0000,1.0000
2015-06-23,42.5350,42.9300,42.4950,42.7280,42.7280,11660,0.0000,1.0000
2015-06-19,41.7800,42.0200,41.7550,41.7880,41.7880,6123,0.0000,1.0000
2015-06-12,42.1600,42.2750,41.8030,41.8030,41.8030,2373,0.0000,1.0000
2015-06-10,41.3900,41.8380,40.9950,41.8380,41.8380,7331,0.0000,1.0000
2015-06-09,41.4050,41.4550,41.1000,41.3830,41.3830,8136,0.0000,1.0000
2015-06-08,42.0600,42.1000,41.6430,41.6430,41.6430,19664,0.0000,1.0000
2015-06-04,42.2800,42.2800,41.7000,41.9180,41.9180,7702,0.0000,1.0000
2015-06-03,42.6900,42.8350,42.2600,42.3200,42.3200,8775,0.0000,1.0000
2015-06-02,43.2750,43.2750,42.4950,42.5900,42.5900,3971,0.0000,1.0000
2015-06-01,43.3700,43.6200,43.1450,43.2850,43.2850,32427,0.0000,1.0000
2015-05-29,43.6550,43.6550,43.0580,43.0580,43.0580,4360,0.0000,1.0000
2015-05-28,43.7050,43.8200,43.5000,43.6080,43.6080,6468,0.0000,1.0000
2015-05-27,43.6100,43.9950,43.4700,43.7700,43.7700,8374,0.0000,1.0000
2015-05-26,43.9500,44.0000,43.4300,43.5280,43.5280,17495,0.0000,1.0000
2015-05-22,43.3100,43.5850,43.2200,43.4800,43.4800,1132,0.0000,1.0000
2015-05-21,43.2200,43.3700,42.9850,43.3100,43.3100,6332,0.0000,1.0000
2015-05-20,43.3400,43.3400,43.0750,43.2180,43.2180,11915,0.0000,1.0000
2015-05-19,41.9400,43.0800,41.9400,43.0650,43.0650,7599,0.0000,1.0000
2015-05-18,41.9950,42.3100,41.9150,42.3100,42.3100,13660,0.0000,1.0000
2015-05-15,42.1950,42.3700,41.9330,41.9330,41.9330,24958,0.0000,1.0000
2015-05-14,41.7300,42.1150,41.7300,42.1150,42.1150,2333,0.0000,1.0000
2015-05-04,42.4650,43.0000,42.3750,42.6550,42.6550,34182,0.0000,1.0000
2015-04-24,43.9500,44.0600,43.7750,43.9330,43.9330,7615,0.0000,1.0000
2015-04-21,44.3000,44.4150,43.9300,43.9300,43.9300,28747,0.0000,1.0000
2015-04-08,43.2100,43.3100,43.0400,43.3100,43.3100,5560,0.0000,1.0000
2015-04-02,42.6800,42.6800,42.4500,42.6400,42.6400,11267,0.0000,1.0000
2015-03-17,43.4600,43.4600,43.0300,43.2200,43.2200,17844,0.0000,1.0000
2015-03-04,41.7600,41.9400,41.6600,41.9400,41.9400,44738,0.0000,1.0000
2015-02-27,41.7900,41.8600,41.6400,41.7900,41.7900,12014,0.0000,1.0000
2015-02-25,41.3100,41.3100,41.2100,41.2800,41.2800,11051,0.0000,1.0000
2015-02-23,41.1800,41.1800,41.0600,41.1600,41.1600,21014,0.0000,1.0000
2015-02-20,40.9500,41.0700,40.8400,40.9000,40.9000,10793,0.0000,1.0000
2015-02-19,40.6800,40.8800,40.5000,40.8400,40.8400,55450,0.0000,1.0000
2015-02-10,39.9900,40.2200,39.8500,40.1000,40.1000,14087,0.0000,1.0000
2015-02-09,39.9000,40.0000,39.7400,39.9600,39.9600,16733,0.0000,1.0000
2015-02-05,39.6500,39.8600,39.4800,39.8600,39.8600,20800,0.0000,1.0000
2015-02-04,39.5000,39.8300,39.1600,39.7200,39.7200,11761,0.0000,1.0000
2015-02-03,39.4600,39.6500,39.2400,39.2400,39.2400,12914,0.0000,1.0000
2015-02-02,39.0600,39.2500,38.7900,39.2500,39.2500,35284,0.0000,1.0000
2015-01-30,39.4200,39.4200,39.0600,39.2300,39.2300,12408,0.0000,1.0000
2015-01-28,39.9300,39.9300,39.5300,39.5700,39.5700,9130,0.0000,1.0000
2015-01-27,40.2400,40.2400,39.1900,39.4400,39.4400,7319,0.0000,1.0000
2015-01-02,37.5000,37.5000,37.2100,37.2800,37.2800,43472,0.0000,1.0000
2014-12-29,37.4600,37.4700,37.2100,37.4400,37.4400,8287,0.0000,1.0000
2014-12-18,35.9400,36.4000,35.9400,36.3600,36.3600,15987,0.0000,1.0000
2014-12-08,37.2200,37.2200,37.0500,37.0500,37.0500,16164,0.0000,1.0000
2014-12-05,36.9600,37.2800,36.9600,37.2000,37.2000,69221,0.0000,1.0000
2014-11-28,36.9200,36.9200,36.6700,36.8200,36.8200,88035,0.0000,1.0000
2014-11-26,36.8800,37.1400,36.6700,36.6800,36.6800,2686,0.0000,1.0000
2014-11-25,36.9000,36.9500,36.6700,36.7200,36.7200,14140,0.0000,1.0000
2014-11-24,36.8200,37.1000,36.7700,36.7700,36.7700,25417,0.0000,1.0000
2014-11-14,36.3200,36.3200,36.1600,36.1600,36.1600,2435,0.0000,1.0000
2014-11-11,36.4100,36.4100,36.2800,36.2800,36.2800,17833,0.0000,1.0000
2014-11-06,35.8000,36.1800,35.7000,36.0600,36.0600,13941,0.0000,1.0000
2014-11-05,35.7600,35.9000,35.7000,35.8600,35.8600,12417,0.0000,1.0000
2014-11-04,35.7900,35.8400,35.4200,35.4300,35.4300,20258,0.0000,1.0000
2014-11-03,35.9500,35.9800,35.8600,35.9200,35.9200,33823,0.0000,1.0000
2014-10-31,35.6900,36.0000,35.6500,35.8600,35.8600,15962,0.0000,1.0000
2014-10-30,35.1800,35.2000,34.7500,35.1000,35.1000,12333,0.0000,1.0000
2014-10-27,34.7500,34.7500,34.3200,34.3700,34.3700,14697,0.0000,1.0000
2014-10-24,34.4500,34.5100,34.4000,34.5100,34.5100,8910,0.0000,1.0000
2014-10-23,34.2700,34.5700,34.1700,34.5500,34.5500,8522,0.0000,1.0000
2014-10-22,34.1900,34.4400,34.1000,34.4400,34.4400,118731,0.0000,1.0000
2014-10-21,33.2400,34.0200,33.2200,34.0200,34.0200,7783,0.0000,1.0000
2014-10-20,33.4300,33.4300,33.1500,33.2900,33.2900,19646,0.0000,1.0000
2014-10-17,32.7600,33.3600,32.6500,33.3600,33.3600,7382,0.0000,1.0000
2014-10-16,32.7900,32.7900,32.1000,32.6800,32.6800,29312,0.0000,1.0000
2014-10-15,33.5000,33.5000,32.5600,32.5600,32.5600,82572,0.0000,1.0000
2014-09-22,35.3900,35.4200,35.3290,35.3300,35.3300,9967,0.0000,1.0000
2014-08-29,34.8500,34.8500,34.6500,34.8300,34.8300,166858,0.0000,1.0000
2014-08-20,34.1700,34.2000,34.0200,34.2000,34.2000,3295,0.0000,1.0000
2014-08-18,33.7400,33.8800,33.7400,33.8700,33.8700,2844,0.0000,1.0000
2014-08-15,33.7000,33.7300,33.4400,33.4400,33.4400,12906,0.0000,1.0000
2014-08-13,33.4800,33.5300,33.3500,33.5300,33.5300,1795,0.0000,1.0000
2014-08-12,33.4000,33.4200,33.2500,33.2500,33.2500,3847,0.0000,1.0000
2014-08-11,33.0800,33.3600,33.0800,33.3600,33.3600,8381,0.0000,1.0000
2014-08-07,33.0600,33.1900,33.0600,33.0800,33.0800,10012,0.0000,1.0000
2014-08-06,33.1000,33.2500,32.9900,33.2500,33.2500,13160,0.0000,1.0000
2014-08-05,33.2800,33.4000,33.2800,33.3500,33.3500,3459,0.0000,1.0000
2014-08-04,33.3400,33.3400,33.2000,33.2000,33.2000,15520,0.0000,1.0000
2014-07-31,34.0400,34.0400,33.6000,33.6000,33.6000,6354,0.0000,1.0000
2014-07-29,34.0200,34.2200,33.8900,34.0500,34.0500,9709,0.0000,1.0000
2014-07-28,34.2000,34.2000,33.8800,34.0000,34.0000,4331,0.0000,1.0000
2014-07-23,34.0600,34.1100,34.0400,34.1100,34.1100,10656,0.0000,1.0000
2014-07-17,33.7700,33.8400,33.6500,33.6600,33.6600,18727,0.0000,1.0000
2014-07-16,33.6600,33.8600,33.6500,33.8100,33.8100,16841,0.0000,1.0000
2014-07-15,33.6400,33.6400,33.5400,33.5400,33.5400,7172,0.0000,1.0000
2014-07-11,33.4300,33.4300,33.2900,33.3700,33.3700,2078,0.0000,1.0000
2014-07-10,33.4700,33.4700,33.1500,33.3500,33.3500,22146,0.0000,1.0000
2014-07-09,33.5200,33.7300,33.4300,33.4400,33.4400,3005,0.0000,1.0000
2014-07-08,33.8100,33.8100,33.4000,33.4000,33.4000,6641,0.0000,1.0000
2014-07-07,34.0000,34.0000,33.7100,33.7100,33.7100,13740,0.0000,1.0000
2014-07-04,33.8400,33.9500,33.8400,33.9000,33.9000,7399,0.0000,1.0000
2014-07-03,33.5400,33.9000,33.5400,33.9000,33.9000,1165,0.0000,1.0000
2014-07-02,33.6600,33.6600,33.6100,33.6600,33.6600,3639,0.0000,1.0000
2014-07-01,33.4400,33.5800,33.3600,33.5800,33.5800,8176,0.0000,1.0000
2014-06-30,33.3500,33.4000,33.2600,33.3000,33.3000,14440,0.0000,1.0000
2014-06-27,33.3600,33.3900,33.2900,33.3400,33.3400,9279,0.0000,1.0000
2014-06-26,33.4000,33.4200,33.3500,33.3500,33.3500,15429,0.0000,1.0000
2014-06-25,33.3600,33.3600,33.2500,33.2800,33.2800,12759,0.0000,1.0000
2014-06-24,33.6000,33.6200,33.4500,33.6200,33.6200,1203,0.0000,1.0000
2014-06-23,33.6700,33.6700,33.5000,33.5100,33.5100,4791,0.0000,1.0000
2014-06-20,33.5700,33.6800,33.5300,33.6300,33.6300,3757,0.0000,1.0000
2014-06-19,33.5500,33.5500,33.4800,33.4900,33.4900,1695,0.0000,1.0000
2014-06-18,33.4200,33.4200,33.3000,33.3100,33.3100,12422,0.0000,1.0000
2014-06-17,33.3600,33.3600,33.2500,33.3200,33.3200,38024,0.0000,1.0000
2014-06-16,33.2800,33.3000,33.2100,33.2100,33.2100,11251,0.0000,1.0000
2014-05-30,32.8600,32.8600,32.8200,32.8200,32.8200,4054,0.0000,1.0000
2014-05-12,31.9400,32.1000,31.8800,32.1000,32.1000,2258,0.0000,1.0000
2014-05-02,31.8100,31.8200,31.7000,31.7100,31.7100,9176,0.0000,1.0000
2014-04-28,31.5400,31.5400,31.4200,31.4200,31.4200,3846,0.0000,1.0000
2014-04-22,31.5700,31.7400,31.5600,31.7400,31.7400,3702,0.0000,1.0000
2014-04-15,31.0000,31.0000,30.8400,30.8400,30.8400,9173,0.0000,1.0000
2014-04-08,31.3900,31.3900,31.1800,31.2600,31.2600,2424,0.0000,1.0000
2014-03-28,31.4200,31.4900,31.4200,31.4800,31.4800,1387,0.0000,1.0000
2014-03-26,31.1300,31.3700,31.1300,31.3200,31.3200,24352,0.0000,1.0000
2014-03-21,31.5000,31.5000,31.2000,31.3200,31.3200,2022,0.0000,1.0000
2014-03-10,31.3000,31.4000,31.2900,31.2900,31.2900,2354,0.0000,1.0000
2014-03-04,31.4400,31.6800,31.4300,31.6800,31.6800,3677,0.0000,1.0000
2014-02-25,31.4200,31.5200,31.3900,31.5200,31.5200,15890,0.0000,1.0000
2014-02-19,31.2500,31.3000,31.1500,31.3000,31.3000,9195,0.0000,1.0000
2014-02-18,31.3300,31.3300,31.2000,31.2700,31.2700,5951,0.0000,1.0000
2014-02-11,30.7300,30.9100,30.7100,30.9100,30.9100,932,0.0000,1.0000
2014-01-09,31.3900,31.4800,31.2900,31.3200,31.3200,5725,0.0000,1.0000
2013-12-20,30.7400,30.8200,30.7000,30.8200,30.8200,16779,0.0000,1.0000
2013-12-18,30.0800,30.1300,30.0400,30.0400,30.0400,14156,0.0000,1.0000
2013-12-16,29.8000,30.0900,29.7800,30.0900,30.0900,7173,0.0000,1.0000
2013-12-12,29.9300,29.9700,29.8900,29.8900,29.8900,8218,0.0000,1.0000
2013-11-14,30.9300,30.9300,30.8700,30.9200,30.9200,4275,0.0000,1.0000
2013-11-13,30.6500,30.9000,30.6000,30.6500,30.6500,2722,0.0000,1.0000
2013-11-06,30.7100,30.8500,30.6600,30.6600,30.6600,1433,0.0000,1.0000
2013-10-29,30.2000,30.4900,30.1400,30.2900,30.2900,17896,0.0000,1.0000
2013-10-23,29.9800,30.0000,29.9600,29.9600,29.9600,4706,0.0000,1.0000
2013-10-21,30.1200,30.1500,30.1100,30.1400,30.1400,2865,0.0000,1.0000
2013-09-30,29.8000,29.8000,29.0800,29.4000,29.4000,3744,0.0000,1.0000
2013-09-26,29.7900,29.8000,29.6300,29.7200,29.7200,2371,0.0000,1.0000
2013-09-24,29.6200,29.7600,29.6200,29.7600,29.7600,5342,0.0000,1.0000
2013-09-20,29.9300,30.2000,29.8500,29.8500,29.8500,2633,0.0000,1.0000
2013-09-19,30.0000,30.0900,29.9600,29.9600,29.9600,1115,0.0000,1.0000
2013-09-17,29.7500,29.8200,29.6900,29.8200,29.8200,923,0.0000,1.0000
2013-09-13,29.9900,29.9900,29.5800,29.7300,29.7300,979,0.0000,1.0000
2013-09-12,29.7200,29.7800,29.6200,29.6500,29.6500,1251,0.0000,1.0000
2013-09-11,29.6200,29.7200,29.3400,29.6600,29.6600,6246,0.0000,1.0000
2013-09-02,29.0800,29.1300,28.9800,29.0900,29.0900,5678,0.0000,1.0000
2013-08-30,28.8900,28.8900,28.6600,28.6700,28.6700,162071,0.0000,1.0000
2013-08-29,28.8000,28.9300,28.7500,28.9300,28.9300,31,0.0000,1.0000
2013-08-14,29.6300,29.7100,29.6100,29.6500,29.6500,5067,0.0000,1.0000
2013-08-08,29.3200,29.3200,29.2300,29.2700,29.2700,3080,0.0000,1.0000
2013-08-07,29.3600,29.3800,29.2900,29.3000,29.3000,4819,0.0000,1.0000
2013-08-05,29.7100,29.7100,29.6400,29.7000,29.7000,2044,0.0000,1.0000
2013-07-30,29.3100,29.3100,29.3000,29.3000,29.3000,22,0.0000,1.0000
2013-07-08,29.1500,29.2400,29.0500,29.1600,29.1600,62591,0.0000,1.0000
2013-07-05,29.0600,29.1200,28.8600,28.8600,28.8600,167061,0.0000,1.0000
2013-07-03,28.9300,28.9300,28.3400,28.4300,28.4300,12809,0.0000,1.0000
2013-06-14,28.2700,28.2900,28.1900,28.1900,28.1900,1740,0.0000,1.0000
2013-06-13,27.6900,28.0500,27.6600,28.0500,28.0500,52740,0.0000,1.0000
2013-06-11,28.4500,28.4500,28.2100,28.4000,28.4000,878,0.0000,1.0000
2013-06-10,28.4000,28.7200,28.4000,28.6600,28.6600,3515,0.0000,1.0000
2013-06-07,28.1900,28.6100,28.1500,28.6100,28.6100,103423,0.0000,1.0000
2013-06-04,29.0200,29.0500,28.9600,29.0100,29.0100,21638,0.0000,1.0000
2013-06-03,28.9600,29.0200,28.7400,28.7400,28.7400,11948,0.0000,1.0000
2013-05-31,29.2100,29.3600,29.2000,29.3600,29.3600,1592,0.0000,1.0000
2013-05-17,30.0100,30.1900,29.9700,30.1900,30.1900,2498,0.0000,1.0000
2013-05-10,29.3600,29.6600,29.3600,29.5400,29.5400,4491,0.0000,1.0000
2013-05-09,29.2100,29.2800,29.2100,29.2800,29.2800,2011,0.0000,1.0000
2013-05-03,28.6700,29.0700,28.6700,29.0600,29.0600,3587,0.0000,1.0000
2013-05-02,28.8000,28.8400,28.5000,28.8400,28.8400,6367,0.0000,1.0000
2013-04-16,27.9300,28.0000,27.9000,27.9500,27.9500,3573,0.0000,1.0000
2013-04-04,28.1300,28.5300,28.1300,28.2900,28.2900,1887,0.0000,1.0000
2013-04-02,28.3600,28.6100,28.3600,28.6100,28.6100,156899,0.0000,1.0000
2013-03-15,28.2600,28.2600,28.1100,28.1500,28.1500,3198,0.0000,1.0000
2013-03-07,27.8000,27.8600,27.7600,27.7600,27.7600,3425,0.0000,1.0000
2013-03-06,27.7600,27.9400,27.7600,27.8400,27.8400,4183,0.0000,1.0000
2013-03-05,27.5700,27.8100,27.5300,27.8100,27.8100,1102,0.0000,1.0000
2013-03-04,27.3400,27.4400,27.3200,27.4400,27.4400,1840,0.0000,1.0000
2013-03-01,27.3300,27.4400,27.3300,27.4400,27.4400,2542,0.0000,1.0000
2013-02-27,26.9600,27.1200,26.8700,27.1200,27.1200,1359,0.0000,1.0000
2013-02-22,26.8000,27.0100,26.8000,27.0100,27.0100,56667,0.0000,1.0000
2013-02-21,26.8500,26.8500,26.7700,26.7700,26.7700,804,0.0000,1.0000
2013-02-12,26.7000,26.7000,26.6200,26.6700,26.6700,1836,0.0000,1.0000
2013-02-08,26.6000,26.7500,26.5200,26.7500,26.7500,1797,0.0000,1.0000
2013-02-06,26.3700,26.3700,26.3700,26.3700,26.3700,2,0.0000,1.0000
2013-01-29,26.5400,26.5400,26.5400,26.5400,26.5400,200,0.0000,1.0000
2013-01-09,26.5500,26.5700,26.4900,26.5700,26.5700,7767,0.0000,1.0000
2012-12-27,25.5800,25.6500,25.5200,25.5200,25.5200,5002,0.0000,1.0000
2012-12-20,25.8200,25.8500,25.8200,25.8500,25.8500,4677,0.0000,1.0000
2012-12-18,25.8600,25.8600,25.7800,25.8200,25.8200,655,0.0000,1.0000
2012-12-10,25.8600,25.9300,25.8200,25.9300,25.9300,1006,0.0000,1.0000
2012-11-30,25.6200,25.6400,25.5700,25.5700,25.5700,95492,0.0000,1.0000
2012-11-29,25.5900,25.6500,25.5800,25.6500,25.6500,8258,0.0000,1.0000
2012-11-09,25.3600,25.4300,25.2400,25.4300,25.4300,8279,0.0000,1.0000
2012-11-08,25.4200,25.4200,25.4200,25.4200,25.4200,456,0.0000,1.0000
2012-10-31,25.4600,25.4600,25.3100,25.3100,25.3100,282,0.0000,1.0000
2012-10-30,25.3700,25.4200,25.3500,25.4200,25.4200,1378,0.0000,1.0000
2012-10-22,25.5600,25.6100,25.4900,25.4900,25.4900,4905,0.0000,1.0000
2012-10-17,25.6600,25.8000,25.6600,25.8000,25.8000,461,0.0000,1.0000
2012-10-01,25.7400,25.9400,25.7400,25.9300,25.9300,1730,0.0000,1.0000
2012-09-28,25.8100,25.8100,25.6300,25.6800,25.6800,24344,0.0000,1.0000
2012-09-26,25.9100,25.9100,25.7100,25.7100,25.7100,531834,0.0000,1.0000
2012-09-21,26.0300,26.0300,26.0000,26.0300,26.0300,6046,0.0000,1.0000
2012-09-19,25.8800,25.9100,25.8800,25.9100,25.9100,475,0.0000,1.0000
2012-09-18,25.7800,25.8500,25.7800,25.8500,25.8500,2205,0.0000,1.0000
2012-09-17,25.8400,25.8500,25.7900,25.8400,25.8400,3921,0.0000,1.0000
2012-09-12,25.7400,25.8200,25.7300,25.7500,25.7500,39142,0.0000,1.0000
2012-09-04,25.8000,25.8000,25.4700,25.4900,25.4900,18200,0.0000,1.0000
2012-09-03,25.5600,25.7100,25.5600,25.7100,25.7100,14317,0.0000,1.0000
2012-08-27,25.8900,25.9800,25.8900,25.9700,25.9700,9218,0.0000,1.0000
2012-08-20,26.3300,26.5800,26.2700,26.2700,26.2700,11107,0.0000,1.0000
2012-07-27,25.2400,25.3500,25.2400,25.3500,25.3500,647,0.0000,1.0000
2012-07-25,24.8900,24.9600,24.8700,24.8700,24.8700,4194,0.0000,1.0000
2012-07-16,25.1600,25.2400,25.1300,25.1300,25.1300,5006,0.0000,1.0000
2012-07-06,25.1500,25.1700,25.0300,25.0300,25.0300,4772,0.0000,1.0000
2012-06-29,24.3800,24.4600,24.3800,24.4600,24.4600,104,0.0000,1.0000
2012-06-28,24.1900,24.1900,24.0700,24.1200,24.1200,915,0.0000,1.0000
2012-06-27,24.1000,24.2400,23.8300,24.2400,24.2400,1324,0.0000,1.0000
2012-06-19,24.1700,24.3100,24.1700,24.3100,24.3100,17806,0.0000,1.0000
2012-06-12,23.7900,23.9300,23.6700,23.9300,23.9300,622,0.0000,1.0000
2012-06-08,23.6700,23.8200,23.6700,23.8200,23.8200,62603,0.0000,1.0000
2012-06-07,23.7600,23.9300,23.7600,23.8700,23.8700,10934,0.0000,1.0000
2012-06-06,23.4600,23.7200,23.4600,23.7200,23.7200,49199,0.0000,1.0000
2012-05-28,23.8400,23.8400,23.8400,23.8400,23.8400,0,0.0000,1.0000
2012-05-24,23.7100,23.7600,23.7100,23.7300,23.7300,178,0.0000,1.0000
2012-05-23,23.5200,23.5200,23.4200,23.4200,23.4200,5335,0.0000,1.0000
2012-05-18,23.4000,23.4000,23.2300,23.2300,23.2300,34513,0.0000,1.0000
2012-05-16,23.7600,23.7900,23.6900,23.7900,23.7900,489,0.0000,1.0000
2012-05-15,23.9600,23.9800,23.8600,23.8900,23.8900,9330,0.0000,1.0000
2012-05-14,23.8800,23.9400,23.8200,23.9100,23.9100,5341,0.0000,1.0000
2012-05-04,24.3300,24.3300,24.0600,24.0800,24.0800,527,0.0000,1.0000
2012-05-02,24.6100,24.8200,24.4900,24.4900,24.4900,1916,0.0000,1.0000
2012-04-30,24.5000,24.5400,24.3700,24.3700,24.3700,857,0.0000,1.0000
2012-04-26,24.2800,24.5300,24.2800,24.3500,24.3500,3541,0.0000,1.0000
2012-04-24,24.0800,24.0800,24.0800,24.0800,24.0800,0,0.0000,1.0000
2012-04-23,23.9500,23.9500,23.9500,23.9500,23.9500,436,0.0000,1.0000
2012-04-19,24.3300,24.3300,24.3300,24.3300,24.3300,226,0.0000,1.0000
2012-04-13,24.6000,24.6000,24.2100,24.2200,24.2200,862,0.0000,1.0000
2012-04-05,24.5700,24.6400,24.4600,24.6400,24.6400,15204,0.0000,1.0000
2012-03-26,24.6500,24.7100,24.6500,24.7100,24.7100,1495,0.0000,1.0000
2012-03-23,24.5600,24.5600,24.4400,24.5200,24.5200,1947,0.0000,1.0000
2012-03-21,24.8000,24.8000,24.7100,24.7900,24.7900,3367,0.0000,1.0000
2012-03-19,24.9700,25.0200,24.9300,24.9400,24.9400,1260,0.0000,1.0000
2012-03-13,24.5400,24.7500,24.5400,24.7500,24.7500,20600,0.0000,1.0000
2012-03-07,24.0300,24.0600,24.0300,24.0600,24.0600,1202,0.0000,1.0000
2012-03-02,24.4300,24.4900,24.2600,24.4900,24.4900,2660,0.0000,1.0000
2012-02-23,24.1600,24.1900,24.0900,24.1400,24.1400,8824,0.0000,1.0000
2012-02-17,24.3300,24.3300,24.3000,24.3200,24.3200,8557,0.0000,1.0000
2012-02-15,24.2600,24.3100,24.2300,24.3100,24.3100,10794,0.0000,1.0000
2012-02-14,24.0400,24.0500,24.0400,24.0500,24.0500,333,0.0000,1.0000
2012-02-06,24.0700,24.1400,24.0700,24.0900,24.0900,1576,0.0000,1.0000
2012-02-03,23.7600,24.1300,23.7600,24.1200,24.1200,1109,0.0000,1.0000
2012-01-18,23.5600,23.6100,23.5600,23.5700,23.5700,71680,0.0000,1.0000
2012-01-06,23.2000,23.2800,23.1900,23.2800,23.2800,1976,0.0000,1.0000
2012-01-03,23.1700,23.2500,22.8000,23.0400,23.0400,116363,0.0000,1.0000
2011-12-22,22.2900,22.2900,22.2500,22.2700,22.2700,2096,0.0000,1.0000
2011-12-16,21.9300,21.9300,21.8300,21.8300,21.8300,283,0.0000,1.0000
2011-12-05,22.0900,22.1800,22.0300,22.1700,22.1700,9381,0.0000,1.0000
2011-12-01,21.5000,21.8300,21.5000,21.7800,21.7800,16426,0.0000,1.0000
2011-11-18,21.3200,21.3300,21.2500,21.2500,21.2500,62000,0.0000,1.0000
2011-11-07,21.5200,21.5600,21.5200,21.5600,21.5600,4245,0.0000,1.0000
2011-11-01,21.4100,21.4100,21.2100,21.2100,21.2100,6872,0.0000,1.0000
2011-10-27,21.6900,21.9200,21.6700,21.7500,21.7500,30048,0.0000,1.0000
2011-10-26,21.3100,21.4100,21.2900,21.3300,21.3300,1110,0.0000,1.0000
2011-10-24,21.4300,21.5200,21.4300,21.5200,21.5200,9600,0.0000,1.0000
2011-10-21,21.0700,21.2900,21.0700,21.2900,21.2900,23814,0.0000,1.0000
2011-10-19,21.2500,21.2500,21.2200,21.2400,21.2400,3075,0.0000,1.0000
2011-10-17,21.3400,21.3700,21.1100,21.1200,21.1200,269,0.0000,1.0000
2011-10-14,21.2200,21.2200,21.0900,21.0900,21.0900,15783,0.0000,1.0000
2011-10-11,20.9600,21.0200,20.9600,21.0200,21.0200,12900,0.0000,1.0000
2011-10-06,20.6400,20.6400,20.6400,20.6400,20.6400,0,0.0000,1.0000
2011-10-05,20.0800,20.2900,20.0000,20.2900,20.2900,1590,0.0000,1.0000
2011-09-30,20.4300,20.4800,20.3700,20.4800,20.4800,104,0.0000,1.0000
2011-09-29,20.8000,20.8000,20.4700,20.5100,20.5100,302,0.0000,1.0000
2011-09-23,20.0300,20.0700,19.9200,19.9600,19.9600,5131,0.0000,1.0000
2011-09-22,20.2900,20.2900,19.9600,19.9600,19.9600,1095,0.0000,1.0000
2011-09-21,21.0100,21.0200,20.7600,20.7600,20.7600,1896,0.0000,1.0000
2011-09-16,20.9800,20.9900,20.9800,20.9900,20.9900,762,0.0000,1.0000
2011-09-06,19.8800,20.2500,19.7500,19.9800,19.9800,7445,0.0000,1.0000
2011-08-23,19.4400,19.6100,19.4400,19.6100,19.6100,180,0.0000,1.0000
2011-08-17,20.4400,20.5400,20.4400,20.5400,20.5400,75825,0.0000,1.0000
2011-08-08,20.2700,20.4800,19.9700,19.9900,19.9900,17745,0.0000,1.0000
2011-08-03,21.8000,21.8600,21.5900,21.6200,21.6200,1192,0.0000,1.0000
2011-07-29,22.5200,22.5200,22.3200,22.4400,22.4400,135591,0.0000,1.0000
2011-07-15,22.7800,22.8500,22.7800,22.8500,22.8500,20,0.0000,1.0000
2011-07-14,22.8400,22.8700,22.8400,22.8700,22.8700,587,0.0000,1.0000
2011-07-05,22.8900,22.9000,22.8900,22.9000,22.9000,281,0.0000,1.0000
2011-07-04,22.8500,22.8700,22.8400,22.8700,22.8700,1645,0.0000,1.0000
2011-06-29,22.4100,22.4400,22.3900,22.4400,22.4400,8730,0.0000,1.0000
2011-06-22,22.2600,22.2700,22.2200,22.2600,22.2600,1190,0.0000,1.0000
2011-06-17,22.0100,22.1100,22.0100,22.0800,22.0800,50088,0.0000,1.0000
2011-05-31,23.1100,23.1300,23.1000,23.1000,23.1000,508,0.0000,1.0000
2011-05-26,23.0400,23.0400,23.0000,23.0400,23.0400,695,0.0000,1.0000
2011-05-25,22.9400,23.0300,22.9400,23.0300,23.0300,12870,0.0000,1.0000
2011-05-24,23.0000,23.0000,22.9200,22.9300,22.9300,46700,0.0000,1.0000
2011-05-19,23.1700,23.2300,23.1300,23.1300,23.1300,910,0.0000,1.0000
2011-05-13,23.3400,23.3400,23.2600,23.2600,23.2600,270,0.0000,1.0000
2011-05-11,23.3200,23.4200,23.3200,23.3600,23.3600,766,0.0000,1.0000
2011-05-09,23.2100,23.2100,23.2100,23.2100,23.2100,0,0.0000,1.0000
2011-05-06,22.7900,23.1000,22.7700,23.1000,23.1000,315,0.0000,1.0000
2011-05-04,22.7000,22.8000,22.5100,22.5100,22.5100,113985,0.0000,1.0000
2011-04-27,22.8300,22.8300,22.8300,22.8300,22.8300,0,0.0000,1.0000
2011-04-21,22.7900,22.8300,22.7900,22.8300,22.8300,30,0.0000,1.0000
2011-04-13,22.6000,22.6100,22.6000,22.6100,22.6100,200,0.0000,1.0000
2011-04-12,22.6900,22.6900,22.4600,22.5100,22.5100,326,0.0000,1.0000
2011-04-11,22.9000,22.9100,22.8500,22.8900,22.8900,4442,0.0000,1.0000
2011-04-07,23.0600,23.0600,23.0000,23.0000,23.0000,302,0.0000,1.0000
2011-04-05,23.1000,23.1300,23.0600,23.1300,23.1300,31497,0.0000,1.0000
2011-04-01,23.0700,23.2200,23.0700,23.2100,23.2100,580,0.0000,1.0000
2011-03-21,22.4800,22.7900,22.4800,22.5500,22.5500,6092,0.0000,1.0000
2011-03-15,22.2100,22.2500,21.8000,22.1800,22.1800,150396,0.0000,1.0000
2011-02-16,24.2700,24.3900,24.2700,24.3500,24.3500,6510,0.0000,1.0000
2011-02-11,23.9200,24.1200,23.9200,24.1100,24.1100,978,0.0000,1.0000
2011-02-09,24.1000,24.1000,23.8500,23.8500,23.8500,44575,0.0000,1.0000
2011-02-02,23.5500,23.5500,23.5100,23.5200,23.5200,50310,0.0000,1.0000
2011-01-31,23.1000,23.2300,23.1000,23.2300,23.2300,60,0.0000,1.0000
2011-01-26,23.3900,23.4600,23.3900,23.4400,23.4400,992,0.0000,1.0000
2011-01-21,23.3400,23.5200,23.3400,23.4100,23.4100,5212,0.0000,1.0000
2011-01-20,23.4100,23.4500,23.3900,23.3900,23.3900,30792,0.0000,1.0000
2011-01-12,24.1800,24.2500,24.1700,24.2500,24.2500,10413,0.0000,1.0000
2011-01-05,23.4600,23.4600,23.4600,23.4600,23.4600,860,0.0000,1.0000
2010-12-30,23.5700,23.5700,23.4200,23.4200,23.4200,175,0.0000,1.0000
2010-12-13,23.1800,23.1900,23.0600,23.0600,23.0600,1925,0.0000,1.0000
2010-12-08,22.8300,22.8800,22.8300,22.8800,22.8800,175,0.0000,1.0000
2010-12-02,22.6500,22.7800,22.6300,22.7800,22.7800,37200,0.0000,1.0000
2010-11-02,21.3700,21.3800,21.3600,21.3600,21.3600,4465,0.0000,1.0000
2010-10-26,21.3000,21.4200,21.3000,21.4200,21.4200,715,0.0000,1.0000
2010-10-21,21.2000,21.3200,21.2000,21.3200,21.3200,2400,0.0000,1.0000
2010-10-08,21.0600,21.0600,21.0600,21.0600,21.0600,0,0.0000,1.0000
2010-10-07,20.9800,20.9800,20.9800,20.9800,20.9800,0,0.0000,1.0000
2010-10-06,21.0100,21.0100,21.0100,21.0100,21.0100,0,0.0000,1.0000
2010-09-30,21.1200,21.1200,20.9700,20.9700,20.9700,130,0.0000,1.0000
2010-09-24,21.1000,21.2400,21.1000,21.2400,21.2400,259,0.0000,1.0000
2010-09-21,21.6800,21.6800,21.5700,21.5700,21.5700,60,0.0000,1.0000
2010-09-17,21.4200,21.4200,21.4200,21.4200,21.4200,0,0.0000,1.0000
2010-09-16,21.3800,21.3800,21.3800,21.3800,21.3800,0,0.0000,1.0000
2010-09-10,21.6600,21.6600,21.6600,21.6600,21.6600,0,0.0000,1.0000
2010-09-07,21.7000,21.7000,21.3400,21.4000,21.4000,1668,0.0000,1.0000
2010-08-23,20.9600,20.9800,20.8900,20.8900,20.8900,257025,0.0000,1.0000
2010-08-13,20.8900,20.8900,20.8900,20.8900,20.8900,0,0.0000,1.0000
2010-08-11,20.9600,20.9800,20.8600,20.8600,20.8600,490,0.0000,1.0000
2010-08-06,21.2000,21.2000,20.8000,20.8100,20.8100,965,0.0000,1.0000
2010-08-03,21.1100,21.1100,21.0300,21.1000,21.1000,683764,0.0000,1.0000
2010-07-28,21.0700,21.1000,20.9900,20.9900,20.9900,230,0.0000,1.0000
2010-07-21,20.6100,20.6100,20.6100,20.6100,20.6100,0,0.0000,1.0000
2010-07-16,20.3900,20.3900,20.3900,20.3900,20.3900,0,0.0000,1.0000
2010-07-06,19.9100,20.1900,19.9100,20.1900,20.1900,1677,0.0000,1.0000
2010-06-30,20.7500,20.7700,20.6300,20.6600,20.6600,35438,0.0000,1.0000
2010-06-29,20.9900,20.9900,20.7800,20.7800,20.7800,477,0.0000,1.0000
2010-06-17,21.7500,21.8000,21.6900,21.6900,21.6900,238,0.0000,1.0000
2010-06-04,21.3800,21.3800,21.3800,21.3800,21.3800,0,0.0000,1.0000
2010-06-03,21.4400,21.5400,21.4400,21.5400,21.5400,100,0.0000,1.0000
2010-05-21,21.0000,21.0000,20.1800,20.5400,20.5400,52130,0.0000,1.0000
2010-05-19,21.6400,21.6400,21.2900,21.2900,21.2900,7500,0.0000,1.0000
2010-05-18,21.8900,21.8900,21.8900,21.8900,21.8900,0,0.0000,1.0000
2010-05-13,22.1800,22.2300,22.1400,22.1700,22.1700,1568,0.0000,1.0000
2010-05-11,21.6000,21.6000,21.5400,21.5400,21.5400,2140,0.0000,1.0000
2010-05-07,21.0700,21.1700,21.0300,21.1700,21.1700,1205,0.0000,1.0000
2010-05-04,21.9400,21.9400,21.9200,21.9200,21.9200,98,0.0000,1.0000
2010-04-26,22.2200,22.2200,22.2000,22.2000,22.2000,2407,0.0000,1.0000
2010-04-13,21.6500,21.6800,21.6300,21.6500,21.6500,1338,0.0000,1.0000
2010-03-25,21.4500,21.5700,21.4500,21.5700,21.5700,10323,0.0000,1.0000
2010-03-23,21.2200,21.2300,21.2200,21.2300,21.2300,544,0.0000,1.0000
2010-03-19,21.1100,21.2900,21.0500,21.0600,21.0600,2004,0.0000,1.0000
2010-02-19,19.9100,20.1600,19.9100,20.1600,20.1600,1880,0.0000,1.0000
2010-02-12,19.3800,19.3800,19.3800,19.3800,19.3800,0,0.0000,1.0000
2010-02-05,19.1700,19.1900,19.0600,19.1000,19.1000,299000,0.0000,1.0000
2010-01-28,19.4900,19.4900,19.2300,19.2300,19.2300,575,0.0000,1.0000
2010-01-26,19.3000,19.4700,19.2700,19.4700,19.4700,11570,0.0000,1.0000
2010-01-21,20.1300,20.1300,19.8500,19.8500,19.8500,196600,0.0000,1.0000
2010-01-18,19.9200,19.9400,19.9000,19.9400,19.9400,300,0.0000,1.0000
2010-01-14,19.8900,19.9300,19.8700,19.9300,19.9300,9050,0.0000,1.0000
2010-01-06,19.8800,19.8800,19.8000,19.8300,19.8300,2556,0.0000,1.0000
2009-12-21,19.2100,19.3700,19.2100,19.3700,19.3700,560009,0.0000,1.0000
2009-12-04,18.5200,18.8800,18.5200,18.7900,18.7900,60304,0.0000,1.0000
2009-12-03,18.6000,18.6000,18.6000,18.6000,18.6000,0,0.0000,1.0000
2009-11-27,18.1500,18.3100,18.1500,18.3100,18.3100,395,0.0000,1.0000
2009-11-23,18.6400,18.6400,18.6400,18.6400,18.6400,0,0.0000,1.0000
2009-11-19,18.6200,18.6200,18.4100,18.4100,18.4100,200,0.0000,1.0000
2009-11-12,18.6000,18.6000,18.5200,18.5200,18.5200,6440,0.0000,1.0000
2009-11-02,17.8500,17.9100,17.8500,17.8900,17.8900,4530,0.0000,1.0000
2009-10-28,18.1100,18.1100,17.9600,17.9600,17.9600,85,0.0000,1.0000
2009-10-23,18.8000,18.8000,18.3100,18.3100,18.3100,4332,0.0000,1.0000
2009-10-09,18.4200,18.4200,18.4000,18.4000,18.4000,5120,0.0000,1.0000
2009-10-07,18.0600,18.0600,18.0600,18.0600,18.0600,0,0.0000,1.0000
2009-09-23,18.4800,18.5100,18.4700,18.5100,18.5100,606,0.0000,1.0000
2009-09-10,18.0400,18.1200,18.0400,18.1200,18.1200,32200,0.0000,1.0000
2009-09-02,17.6700,17.6700,17.6700,17.6700,17.6700,570,0.0000,1.0000
2009-08-26,18.1500,18.1500,18.1500,18.1500,18.1500,550,0.0000,1.0000
2009-08-24,18.1500,18.1500,18.1500,18.1500,18.1500,54,0.0000,1.0000
2009-08-20,17.7100,17.7100,17.7100,17.7100,17.7100,10009,0.0000,1.0000
2009-08-17,17.6000,17.6000,17.4400,17.4400,17.4400,91459,0.0000,1.0000
2009-08-13,17.7500,17.8400,17.6800,17.8000,17.8000,7033,0.0000,1.0000
2009-07-29,17.2900,17.2900,17.2900,17.2900,17.2900,580,0.0000,1.0000
2009-07-20,16.5600,16.6300,16.5400,16.5900,16.5900,30810,0.0000,1.0000
2009-07-16,16.4000,16.4500,16.3900,16.3900,16.3900,60000,0.0000,1.0000
2009-07-08,15.7800,15.8100,15.7800,15.7900,15.7900,78200,0.0000,1.0000
2009-07-02,16.2700,16.2900,16.0800,16.0800,16.0800,51400,0.0000,1.0000
2009-06-30,16.4000,16.4000,16.4000,16.4000,16.4000,200,0.0000,1.0000
2009-06-22,16.4400,16.4400,16.3400,16.3400,16.3400,30100,0.0000,1.0000
2009-06-11,16.7500,16.7500,16.7500,16.7500,16.7500,10000,0.0000,1.0000
2009-06-10,16.6600,16.6600,16.6600,16.6600,16.6600,0,0.0000,1.0000
2009-06-02,16.6400,16.6500,16.6400,16.6500,16.6500,20000,0.0000,1.0000
2009-05-21,16.2700,16.2800,16.1900,16.1900,16.1900,20063,0.0000,1.0000
2009-05-14,15.9500,16.0000,15.9300,15.9400,15.9400,40190,0.0000,1.0000
2009-05-11,16.5000,16.5000,16.4600,16.4700,16.4700,40070,0.0000,1.0000
2009-05-07,16.8000,16.8000,16.7600,16.7600,16.7600,50000,0.0000,1.0000
2009-05-06,16.5400,16.5400,16.5400,16.5400,16.5400,10000,0.0000,1.0000
2009-04-27,15.6300,15.6300,15.6300,15.6300,15.6300,964,0.0000,1.0000
2009-04-22,15.3000,15.3000,15.3000,15.3000,15.3000,0,0.0000,1.0000
2009-04-21,15.3000,15.3000,15.3000,15.3000,15.3000,10000,0.0000,1.0000
2009-04-17,15.7100,15.7800,15.6700,15.7800,15.7800,40000,0.0000,1.0000
2009-04-15,15.3800,15.3800,15.3800,15.3800,15.3800,0,0.0000,1.0000
2009-04-08,14.8200,14.8200,14.8200,14.8200,14.8200,10000,0.0000,1.0000
2009-03-31,14.1700,14.1800,14.1500,14.1600,14.1600,50000,0.0000,1.0000
2009-03-20,13.6200,13.8200,13.6200,13.8200,13.8200,80000,0.0000,1.0000
2009-03-19,13.9000,14.0400,13.7300,13.7300,13.7300,70248,0.0000,1.0000
2009-03-17,13.8400,13.8400,13.8200,13.8200,13.8200,30000,0.0000,1.0000
2009-03-12,13.3400,13.3400,13.3400,13.3400,13.3400,700,0.0000,1.0000
2009-03-09,12.8400,13.0100,12.7300,12.8800,12.8800,142552,0.0000,1.0000
2009-03-05,13.3900,13.3900,13.2600,13.2900,13.2900,112162,0.0000,1.0000
2009-02-26,14.1600,14.2200,14.1600,14.2200,14.2200,30000,0.0000,1.0000
2009-02-25,13.9800,13.9800,13.9800,13.9800,13.9800,0,0.0000,1.0000
2009-02-10,15.7000,15.7000,15.7000,15.7000,15.7000,0,0.0000,1.0000
2009-02-05,15.2900,15.2900,15.2900,15.2900,15.2900,0,0.0000,1.0000
2009-01-28,15.2900,15.3800,15.2900,15.3800,15.3800,30000,0.0000,1.0000
2009-01-23,14.9600,14.9600,14.7500,14.8700,14.8700,100125,0.0000,1.0000
2009-01-14,15.5200,15.5200,15.1700,15.1700,15.1700,30000,0.0000,1.0000
