Datum;Er√∂ffnung;Hoch;Tief;Schluss;Volumen
2018-01-02;49,0800;49,1230;48,6770;48,9900;114257
2018-01-02;49,08;49,12;48,68;48,99;114257
2018-01-03;49,2130;49,4850;49,1700;49,3980;19881
2018-01-03;49,21;49,49;49,17;49,40;19881
2018-01-04;49,7550;49,7550;49,5000;49,6570;13198
2018-01-04;49,76;49,76;49,50;49,66;13198
2018-01-05;49,7970;50,0380;49,7360;49,9940;41155
2018-01-05;49,80;50,04;49,74;49,99;41155
2018-01-08;50,3520;50,4160;50,2200;50,3560;68915
2018-01-08;50,35;50,42;50,22;50,36;68915
2018-01-09;50,5700;50,7640;50,5480;50,7380;16353
2018-01-09;50,57;50,76;50,55;50,74;16353
2018-01-10;50,5980;50,6120;50,1820;50,4600;15624
2018-01-10;50,60;50,61;50,18;50,46;15624
2018-01-11;50,6460;50,6460;50,1520;50,2820;24190
2018-01-11;50,65;50,65;50,15;50,28;24190
2018-01-12;50,4020;50,4080;50,0720;50,3100;23452
2018-01-12;50,40;50,41;50,07;50,31;23452
2018-01-15;50,2420;50,2420;49,9270;50,0600;100266
2018-01-15;50,24;50,24;49,93;50,06;100266
2018-01-16;50,2060;50,4500;50,1120;50,2100;33180
2018-01-16;50,21;50,45;50,11;50,21;33180
2018-01-17;50,0880;50,2620;50,0060;50,1980;12277
2018-01-17;50,09;50,26;50,01;50,20;12277
2018-01-18;50,3680;50,4140;50,1120;50,2060;16369
2018-01-18;50,37;50,41;50,11;50,21;16369
2018-01-19;50,0580;50,4000;50,0580;50,3360;12639
2018-01-19;50,06;50,40;50,06;50,34;12639
2018-01-22;50,4320;50,5760;50,2840;50,4860;46177
2018-01-22;50,43;50,58;50,28;50,49;46177
2018-01-23;50,8760;50,8980;50,5700;50,7620;45290
2018-01-23;50,88;50,90;50,57;50,76;45290
2018-01-24;50,6880;50,6880;50,3400;50,3400;14494
2018-01-24;50,69;50,69;50,34;50,34;14494
2018-01-25;50,2700;50,4820;49,8220;49,9970;40819
2018-01-25;50,27;50,48;49,82;50,00;40819
2018-01-26;50,0420;50,4380;50,0200;50,4060;13975
2018-01-26;50,04;50,44;50,02;50,41;13975
2018-01-29;50,6300;50,7420;50,4320;50,6280;45974
2018-01-29;50,63;50,74;50,43;50,63;45974
2018-01-30;50,3660;50,3660;49,7500;49,9780;28666
2018-01-30;50,37;50,37;49,75;49,98;28666
2018-01-31;49,9120;49,9490;49,6930;49,7890;34308
2018-01-31;49,91;49,95;49,69;49,79;34308
2018-02-01;50,0540;50,0540;49,4510;49,6010;108965
2018-02-01;50,05;50,05;49,45;49,60;108965
2018-02-02;49,3820;49,3820;49,1280;49,1300;17410
2018-02-02;49,38;49,38;49,13;49,13;17410
2018-02-05;48,3690;48,6350;48,1490;48,4080;145692
2018-02-05;48,37;48,64;48,15;48,41;145692
2018-02-06;46,6800;47,6690;46,1550;46,8030;297635
2018-02-06;46,68;47,67;46,16;46,80;297635
2018-02-07;47,3050;48,4590;47,2000;48,3180;77550
2018-02-07;47,31;48,46;47,20;48,32;77550
2018-02-08;47,8370;47,9380;47,2260;47,3590;33339
2018-02-08;47,84;47,94;47,23;47,36;33339
2018-02-09;46,9120;46,9120;46,1500;46,4580;63037
2018-02-09;46,91;46,91;46,15;46,46;63037
2018-02-12;47,0290;47,4230;46,9710;47,1500;39108
2018-02-12;47,03;47,42;46,97;47,15;39108
2018-02-13;47,0990;47,0990;46,7700;46,8360;45226
2018-02-13;47,10;47,10;46,77;46,84;45226
2018-02-14;47,2360;47,3770;46,8300;47,1810;57294
2018-02-14;47,24;47,38;46,83;47,18;57294
2018-02-15;47,5940;47,7730;47,3370;47,4440;94452
2018-02-15;47,59;47,77;47,34;47,44;94452
2018-02-16;47,9350;48,2930;47,8580;48,2690;22970
2018-02-16;47,94;48,29;47,86;48,27;22970
2018-02-19;48,3910;48,4490;48,0700;48,1320;24927
2018-02-19;48,39;48,45;48,07;48,13;24927
2018-02-20;48,3040;48,4690;48,0290;48,4260;49060
2018-02-20;48,30;48,47;48,03;48,43;49060
2018-02-21;48,2750;48,6080;48,0900;48,6080;9078
2018-02-21;48,28;48,61;48,09;48,61;9078
2018-02-22;48,0670;48,4420;47,9780;48,3930;11714
2018-02-22;48,07;48,44;47,98;48,39;11714
2018-02-23;48,4530;48,5450;48,2900;48,5050;37017
2018-02-23;48,45;48,55;48,29;48,51;37017
2018-02-26;48,8910;49,1030;48,8540;48,9810;106502
2018-02-26;48,89;49,10;48,85;48,98;106502
2018-02-27;49,2480;49,4880;49,0510;49,2330;8174
2018-02-27;49,25;49,49;49,05;49,23;8174
2018-02-28;48,9620;49,2980;48,9250;48,9250;8335
2018-02-28;48,96;49,30;48,93;48,93;8335
2018-03-01;48,6200;48,6410;48,2360;48,3660;106549
2018-03-01;48,62;48,64;48,24;48,37;106549
2018-03-02;47,6710;47,7680;46,9510;47,1620;27035
2018-03-02;47,67;47,77;46,95;47,16;27035
2018-03-05;47,3200;47,7990;47,2600;47,7020;56420
2018-03-05;47,32;47,80;47,26;47,70;56420
2018-03-06;48,1170;48,1180;47,6840;47,6840;16097
2018-03-06;48,12;48,12;47,68;47,68;16097
2018-03-07;47,5200;47,8500;47,2790;47,8110;45144
2018-03-07;47,52;47,85;47,28;47,81;45144
2018-03-08;47,7720;48,3050;47,7610;48,2930;16517
2018-03-08;47,77;48,31;47,76;48,29;16517
2018-03-09;48,3300;48,7500;48,3280;48,7500;31961
2018-03-09;48,33;48,75;48,33;48,75;31961
2018-03-12;49,1800;49,2140;48,9170;49,0170;17405
2018-03-12;49,18;49,21;48,92;49,02;17405
2018-03-13;49,0990;49,1240;48,4530;48,6190;10301
2018-03-13;49,10;49,12;48,45;48,62;10301
2018-03-14;48,5910;48,7660;48,3820;48,4140;6892
2018-03-14;48,59;48,77;48,38;48,41;6892
2018-03-15;48,5570;48,6890;48,4100;48,6390;81974
2018-03-15;48,56;48,69;48,41;48,64;81974
2018-03-16;48,6450;48,9000;48,5450;48,7640;16429
2018-03-16;48,65;48,90;48,55;48,76;16429
2018-03-19;48,6230;48,6230;47,8860;47,8860;23097
2018-03-19;48,62;48,62;47,89;47,89;23097
2018-03-20;48,0390;48,3060;47,9240;48,2870;42811
2018-03-20;48,04;48,31;47,92;48,29;42811
2018-03-21;48,2740;48,4650;48,0750;48,4580;9288
2018-03-21;48,27;48,47;48,08;48,46;9288
2018-03-22;47,6720;47,8970;47,2520;47,5800;17995
2018-03-22;47,67;47,90;47,25;47,58;17995
2018-03-23;47,0120;47,1110;46,5880;46,6680;47801
2018-03-23;47,01;47,11;46,59;46,67;47801
2018-03-26;46,5450;46,6620;45,9150;46,1130;28454
2018-03-26;46,55;46,66;45,92;46,11;28454
2018-03-27;46,9950;47,2550;46,9310;47,0400;12655
2018-03-27;47,00;47,26;46,93;47,04;12655
2018-03-28;46,4350;46,6330;46,1660;46,5980;9960
2018-03-28;46,44;46,63;46,17;46,60;9960
2018-03-29;46,7810;47,2000;46,7060;47,0820;17530
2018-03-29;46,78;47,20;46,71;47,08;17530
2018-04-03;46,5070;46,8270;46,3690;46,6490;190096
2018-04-03;46,51;46,83;46,37;46,65;190096
2018-04-04;46,7750;46,7750;46,0480;46,6040;26589
2018-04-04;46,78;46,78;46,05;46,60;26589
2018-04-05;47,6460;47,9940;47,3980;47,9940;37058
2018-04-05;47,65;47,99;47,40;47,99;37058
2018-04-06;47,52;47,56;47,19;47,30;10568
2018-04-09;47,2510;47,3930;47,0000;47,3770;32578
2018-04-09;47,25;47,39;47,00;47,38;32578
2018-04-10;47,5500;47,6290;47,2540;47,6000;10721
2018-04-10;47,55;47,63;47,25;47,60;10721
2018-04-11;47,3180;47,4000;46,9780;47,3430;12489
2018-04-11;47,32;47,40;46,98;47,34;12489
2018-04-12;47,3570;47,8400;47,2360;47,6980;7127
2018-04-12;47,36;47,84;47,24;47,70;7127
2018-04-13;47,7050;47,9060;47,5650;47,6440;15989
2018-04-13;47,71;47,91;47,57;47,64;15989
2018-04-16;47,7240;47,7490;47,4680;47,6130;105451
2018-04-16;47,72;47,75;47,47;47,61;105451
2018-04-17;47,7890;48,2360;47,7270;48,2110;8630
2018-04-17;47,79;48,24;47,73;48,21;8630
2018-04-18;48,2610;48,3210;48,0790;48,2610;8279
2018-04-18;48,26;48,32;48,08;48,26;8279
2018-04-19;48,1710;48,2440;48,0000;48,1180;11270
2018-04-19;48,17;48,24;48,00;48,12;11270
2018-04-20;48,1000;48,2700;48,0000;48,0950;38161
2018-04-20;48,10;48,27;48,00;48,10;38161
2018-04-23;48,0670;48,4000;47,9770;48,3920;21983
2018-04-23;48,07;48,40;47,98;48,39;21983
2018-04-24;48,3990;48,5590;48,1910;48,2600;12519
2018-04-24;48,40;48,56;48,19;48,26;12519
2018-04-25;47,8360;47,9190;47,6990;47,8590;8959
2018-04-25;47,84;47,92;47,70;47,86;8959
2018-04-26;47,9830;48,5920;47,9830;48,5210;8724
2018-04-26;47,98;48,59;47,98;48,52;8724
2018-04-27;48,7430;48,8550;48,6120;48,7070;18990
2018-04-27;48,74;48,86;48,61;48,71;18990
2018-04-30;48,8030;49,0110;48,7350;48,9570;54962
2018-04-30;48,80;49,01;48,74;48,96;54962
2018-05-02;48,9140;49,0910;48,8810;48,9950;79928
2018-05-02;48,91;49,09;48,88;49,00;79928
2018-05-03;48,7940;48,8760;48,3460;48,3650;63344
2018-05-03;48,79;48,88;48,35;48,37;63344
2018-05-04;48,7860;49,2670;48,6290;49,2670;6933
2018-05-04;48,79;49,27;48,63;49,27;6933
2018-05-07;49,4480;49,7090;49,3840;49,6510;52993
2018-05-07;49,45;49,71;49,38;49,65;52993
2018-05-08;49,5960;49,7700;49,4430;49,7020;76897
2018-05-08;49,60;49,77;49,44;49,70;76897
2018-05-09;49,8590;49,9770;49,7670;49,9110;73120
2018-05-09;49,86;49,98;49,77;49,91;73120
2018-05-10;50,2140;50,3460;50,0200;50,2920;16805
2018-05-10;50,21;50,35;50,02;50,29;16805
2018-05-11;50,4220;50,4220;50,1940;50,3360;15491
2018-05-11;50,42;50,42;50,19;50,34;15491
2018-05-14;50,4040;50,4500;50,2500;50,3260;47069
2018-05-14;50,40;50,45;50,25;50,33;47069
2018-05-15;50,3280;50,5520;50,3260;50,3300;68677
2018-05-15;50,33;50,55;50,33;50,33;68677
2018-05-16;50,4960;50,7940;50,4640;50,7360;35345
2018-05-16;50,50;50,79;50,46;50,74;35345
2018-05-17;50,7480;51,0000;50,6460;50,9280;18302
2018-05-17;50,75;51,00;50,65;50,93;18302
2018-05-18;50,8420;51,0000;50,6920;50,8300;25150
2018-05-18;50,84;51,00;50,69;50,83;25150
2018-05-21;50,8300;50,8300;50,8300;50,8300;0
2018-05-22;51,2100;51,2500;50,9920;51,1540;23689
2018-05-22;51,21;51,25;50,99;51,15;23689
2018-05-23;50,9660;51,0040;50,7480;50,9320;29564
2018-05-23;50,97;51,00;50,75;50,93;29564
2018-05-24;51,1080;51,1120;50,6460;50,7880;42276
2018-05-24;51,11;51,11;50,65;50,79;42276
2018-05-25;51,0980;51,1680;50,9500;51,1180;18359
2018-05-25;51,10;51,17;50,95;51,12;18359
2018-05-28;51,0820;51,1800;51,0500;51,1580;16063
2018-05-28;51,08;51,18;51,05;51,16;16063
2018-05-29;51,0480;51,0560;50,8220;50,9260;18780
2018-05-29;51,05;51,06;50,82;50,93;18780
2018-05-30;50,8220;50,9780;50,7000;50,9180;22665
2018-05-30;50,82;50,98;50,70;50,92;22665
2018-05-31;50,88;50,97;50,61;50,72;12591
2018-06-01;50,8080;51,1000;50,7280;51,0540;80327
2018-06-01;50,81;51,10;50,73;51,05;80327
2018-06-04;51,2300;51,2520;51,0160;51,2360;43764
2018-06-04;51,23;51,25;51,02;51,24;43764
2018-06-05;51,1600;51,4460;51,1160;51,2200;42909
2018-06-05;51,16;51,45;51,12;51,22;42909
2018-06-06;51,2980;51,2980;50,9100;51,1840;31243
2018-06-06;51,30;51,30;50,91;51,18;31243
2018-06-07;51,2620;51,3280;51,0580;51,1300;51914
2018-06-07;51,26;51,33;51,06;51,13;51914
2018-06-08;51,0840;51,2920;50,9420;51,1800;22476
2018-06-08;51,08;51,29;50,94;51,18;22476
2018-06-11;51,2480;51,4160;51,2480;51,4160;11341
2018-06-11;51,25;51,42;51,25;51,42;11341
2018-06-12;51,5420;51,5420;51,3460;51,4040;13009
2018-06-12;51,54;51,54;51,35;51,40;13009
2018-06-13;51,6260;51,6320;51,4780;51,5800;28193
2018-06-13;51,63;51,63;51,48;51,58;28193
2018-06-14;51,0880;52,1360;51,0400;52,0360;35333
2018-06-14;51,09;52,14;51,04;52,04;35333
2018-06-15;52,3040;52,3200;51,6880;51,7160;60937
2018-06-15;52,30;52,32;51,69;51,72;60937
2018-06-18;51,8340;51,9140;51,4900;51,6680;23076
2018-06-18;51,83;51,91;51,49;51,67;23076
2018-06-19;51,2700;51,5660;51,1300;51,4530;16770
2018-06-19;51,27;51,57;51,13;51,45;16770
2018-06-20;51,8140;51,8800;51,6300;51,6700;51242
2018-06-20;51,81;51,88;51,63;51,67;51242
2018-06-21;51,9320;51,9340;51,1660;51,2940;67705
2018-06-21;51,93;51,93;51,17;51,29;67705
2018-06-22;51,2540;51,5140;51,2200;51,5140;61398
2018-06-22;51,25;51,51;51,22;51,51;61398
2018-06-25;51,0940;51,1580;50,2600;50,2600;48221
2018-06-25;51,09;51,16;50,26;50,26;48221
2018-06-26;50,5700;50,6940;50,4600;50,5570;45372
2018-06-26;50,57;50,69;50,46;50,56;45372
2018-06-27;50,5640;51,0270;50,3320;51,0270;12893
2018-06-27;50,56;51,03;50,33;51,03;12893
2018-06-28;50,9080;50,9820;50,3840;50,6720;10235
2018-06-28;50,91;50,98;50,38;50,67;10235
2018-06-29;51,0940;51,0940;50,7400;50,9000;19350
2018-06-29;51,09;51,09;50,74;50,90;19350
2018-07-02;50,3300;50,6560;50,2420;50,5110;75856
2018-07-02;50,33;50,66;50,24;50,51;75856
2018-07-03;50,6520;50,9000;50,6480;50,7600;9680
2018-07-03;50,65;50,90;50,65;50,76;9680
2018-07-04;50,5380;50,7440;50,5120;50,7060;8429
2018-07-04;50,54;50,74;50,51;50,71;8429
2018-07-05;50,4460;50,7440;50,3780;50,6100;13003
2018-07-05;50,45;50,74;50,38;50,61;13003
2018-07-06;50,7840;50,8920;50,5280;50,8920;5068
2018-07-06;50,78;50,89;50,53;50,89;5068
2018-07-09;51,1240;51,3020;51,0000;51,2960;47922
2018-07-09;51,12;51,30;51,00;51,30;47922
2018-07-10;51,3880;51,6680;51,3500;51,4760;95500
2018-07-10;51,39;51,67;51,35;51,48;95500
2018-07-11;51,1120;51,2660;51,0380;51,1740;10796
2018-07-11;51,11;51,27;51,04;51,17;10796
2018-07-12;51,3980;51,6320;51,2820;51,5070;13633
2018-07-12;51,40;51,63;51,28;51,51;13633
2018-07-13;51,9160;51,9820;51,7480;51,8100;14490
2018-07-13;51,92;51,98;51,75;51,81;14490
2018-07-16;51,7280;51,8160;51,5000;51,5520;82440
2018-07-16;51,73;51,82;51,50;51,55;82440
2018-07-17;51,4620;51,7660;51,3880;51,6980;83174
2018-07-17;51,46;51,77;51,39;51,70;83174
2018-07-18;52,0000;52,1000;51,9440;52,0540;18567
2018-07-18;52,00;52,10;51,94;52,05;18567
2018-07-19;52,0960;52,1780;51,9560;52,0900;8310
2018-07-19;52,10;52,18;51,96;52,09;8310
2018-07-20;51,8980;51,9560;51,5480;51,7960;56188
2018-07-20;51,90;51,96;51,55;51,80;56188
2018-07-23;51,5460;51,7340;51,4580;51,7160;20967
2018-07-23;51,55;51,73;51,46;51,72;20967
2018-07-24;52,0200;52,2000;51,8420;52,0720;5777
2018-07-24;52,02;52,20;51,84;52,07;5777
2018-07-25;52,0820;52,1640;51,9200;52,1440;7330
2018-07-25;52,08;52,16;51,92;52,14;7330
2018-07-26;52,2000;52,5920;52,1780;52,5300;18214
2018-07-26;52,20;52,59;52,18;52,53;18214
2018-07-27;52,6500;52,8100;52,5060;52,5060;12490
2018-07-27;52,65;52,81;52,51;52,51;12490
2018-07-30;52,2160;52,2500;52,0000;52,0000;35283
2018-07-30;52,22;52,25;52,00;52,00;35283
2018-07-31;51,9300;52,1820;51,8500;52,1320;10656
2018-07-31;51,93;52,18;51,85;52,13;10656
2018-08-01;52,2920;52,2920;52,0760;52,1700;78192
2018-08-01;52,29;52,29;52,08;52,17;78192
2018-08-02;52,0400;52,2480;51,8580;52,2480;21355
2018-08-02;52,04;52,25;51,86;52,25;21355
2018-08-03;52,4580;52,6180;52,4380;52,5520;8873
2018-08-03;52,46;52,62;52,44;52,55;8873
2018-08-06;52,7980;52,9300;52,6600;52,7860;26414
2018-08-06;52,80;52,93;52,66;52,79;26414
2018-08-07;52,9820;53,0420;52,9020;52,9500;35091
2018-08-07;52,98;53,04;52,90;52,95;35091
2018-08-08;52,8380;52,9820;52,8100;52,8680;19483
2018-08-08;52,84;52,98;52,81;52,87;19483
2018-08-09;52,8700;53,0800;52,8540;53,0600;8085
2018-08-09;52,87;53,08;52,85;53,06;8085
2018-08-10;53,0840;53,1640;52,9380;53,1640;8963
2018-08-10;53,08;53,16;52,94;53,16;8963
2018-08-13;52,9800;53,1280;52,8960;53,0240;15726
2018-08-13;52,98;53,13;52,90;53,02;15726
2018-08-14;53,0740;53,3140;53,0220;53,2700;18779
2018-08-14;53,07;53,31;53,02;53,27;18779
2018-08-15;53,3340;53,3860;52,6900;52,8460;63033
2018-08-15;53,33;53,39;52,69;52,85;63033
2018-08-16;52,9260;53,1360;52,8460;53,1120;13054
2018-08-16;52,93;53,14;52,85;53,11;13054
2018-08-17;53,1540;53,1600;52,8860;52,9940;5886
2018-08-17;53,15;53,16;52,89;52,99;5886
2018-08-20;53,2360;53,3280;53,1100;53,1540;46237
2018-08-20;53,24;53,33;53,11;53,15;46237
2018-08-21;51,96;52,14;51,96;52,08;13297
2018-08-22;51,7800;51,8360;51,6200;51,8320;35680
2018-08-22;51,78;51,84;51,62;51,83;35680
2018-08-23;51,8360;51,9400;51,6680;51,6680;30060
2018-08-23;51,84;51,94;51,67;51,67;30060
2018-08-24;51,8060;51,9140;51,6500;51,7880;14654
2018-08-24;51,81;51,91;51,65;51,79;14654
2018-08-27;52,0800;52,1380;51,9600;52,0280;48086
2018-08-27;52,08;52,14;51,96;52,03;48086
2018-08-28;52,0640;52,0640;51,8980;51,8980;25879
2018-08-28;52,06;52,06;51,90;51,90;25879
2018-08-29;52,1460;52,1940;52,0320;52,1820;11178
2018-08-29;52,15;52,19;52,03;52,18;11178
2018-08-30;52,0900;52,2560;52,0080;52,1980;24700
2018-08-30;52,09;52,26;52,01;52,20;24700
2018-08-31;52,0020;52,1700;51,8820;52,1340;23270
2018-08-31;52,00;52,17;51,88;52,13;23270
2018-09-03;52,2040;52,2700;52,1320;52,1940;81180
2018-09-03;52,20;52,27;52,13;52,19;81180
2018-09-04;52,3940;52,4080;51,9700;52,0780;16224
2018-09-04;52,39;52,41;51,97;52,08;16224
2018-09-05;51,9420;51,9420;51,4680;51,4720;44855
2018-09-05;51,94;51,94;51,47;51,47;44855
2018-09-06;51,4940;51,6660;51,3000;51,3240;23071
2018-09-06;51,49;51,67;51,30;51,32;23071
2018-09-07;51,3360;51,5700;51,2260;51,5380;45056
2018-09-07;51,34;51,57;51,23;51,54;45056
2018-09-10;51,6560;51,7300;51,4800;51,5300;73505
2018-09-10;51,66;51,73;51,48;51,53;73505
2018-09-11;51,5200;51,6200;51,3520;51,5640;11291
2018-09-11;51,52;51,62;51,35;51,56;11291
2018-09-12;51,7380;51,8600;51,5120;51,6260;23022
2018-09-12;51,74;51,86;51,51;51,63;23022
2018-09-13;51,6200;51,8440;51,5760;51,5980;31550
2018-09-13;51,62;51,84;51,58;51,60;31550
2018-09-14;51,73;51,87;51,62;51,87;13134
2018-09-17;51,88;51,92;51,61;51,69;110127
2018-09-18;51,64;51,92;51,61;51,92;18364
2018-09-19;51,99;52,11;51,85;52,03;10198
2018-09-20;52,04;52,10;51,93;52,10;25088
2018-09-21;52,21;52,35;52,12;52,29;37080
2018-09-24;52,1180;52,1180;51,8000;51,9040;66852
2018-09-24;52,12;52,12;51,80;51,90;66852
2018-09-25;52,0640;52,2060;51,9200;52,0920;5172
2018-09-25;52,06;52,21;51,92;52,09;5172
2018-09-26;52,0920;52,1940;52,0260;52,1860;17502
2018-09-26;52,09;52,19;52,03;52,19;17502
2018-09-27;52,0780;52,5160;52,0000;52,4600;30762
2018-09-27;52,08;52,52;52,00;52,46;30762
2018-09-28;52,4720;52,6180;52,4060;52,5100;29556
2018-09-28;52,47;52,62;52,41;52,51;29556
2018-10-01;52,7560;52,9380;52,6960;52,9380;83445
2018-10-01;52,76;52,94;52,70;52,94;83445
2018-10-02;52,7500;52,8380;52,6960;52,7520;14040
2018-10-02;52,75;52,84;52,70;52,75;14040
2018-10-04;52,8580;52,8660;52,3700;52,4560;30086
2018-10-04;52,86;52,87;52,37;52,46;30086
2018-10-05;52,5040;52,5040;52,1380;52,1380;33791
2018-10-05;52,50;52,50;52,14;52,14;33791
2018-10-08;52,1080;52,1720;51,9240;51,9640;394485
2018-10-08;52,11;52,17;51,92;51,96;394485
2018-10-09;52,0500;52,1780;51,8740;52,1080;17921
2018-10-09;52,05;52,18;51,87;52,11;17921
2018-10-10;52,0020;52,0240;51,0180;51,0860;28764
2018-10-10;52,00;52,02;51,02;51,09;28764
2018-10-11;50,0000;50,2520;49,5000;49,5460;73686
2018-10-11;50,00;50,25;49,50;49,55;73686
2018-10-12;49,8400;49,9910;49,6400;49,6520;63700
2018-10-12;49,84;49,99;49,64;49,65;63700
2018-10-15;49,5310;49,7410;49,3040;49,7410;115665
2018-10-15;49,53;49,74;49,30;49,74;115665
2018-10-16;49,6020;50,2160;49,5460;50,1960;41807
2018-10-16;49,60;50,22;49,55;50,20;41807
2018-10-17;50,7240;50,7320;50,2000;50,3740;156337
2018-10-17;50,72;50,73;50,20;50,37;156337
2018-10-18;50,6200;50,6860;50,1060;50,1060;18712
2018-10-18;50,62;50,69;50,11;50,11;18712
2018-10-19;50,3300;50,4900;50,1580;50,2620;9635
2018-10-19;50,33;50,49;50,16;50,26;9635
2018-10-22;50,1360;50,2220;49,8420;50,0460;35566
2018-10-22;50,14;50,22;49,84;50,05;35566
2018-10-23;49,3410;49,4560;48,8270;49,0530;65344
2018-10-23;49,34;49,46;48,83;49,05;65344
2018-10-24;49,3080;49,9190;49,1520;49,1910;23379
2018-10-24;49,31;49,92;49,15;49,19;23379
2018-10-25;48,5500;49,2840;48,5170;49,2840;29106
2018-10-25;48,55;49,28;48,52;49,28;29106
2018-10-26;48,7600;48,7600;48,0630;48,6190;26975
2018-10-26;48,76;48,76;48,06;48,62;26975
2018-10-29;48,6250;49,4210;48,6250;48,9100;13710
2018-10-29;48,63;49,42;48,63;48,91;13710
2018-10-30;48,7640;48,8520;48,3800;48,7780;6764
2018-10-30;48,76;48,85;48,38;48,78;6764
2018-10-31;49,4730;50,0680;49,4550;49,8860;47033
2018-10-31;49,47;50,07;49,46;49,89;47033
2018-11-01;49,6910;49,9240;49,6000;49,8860;185094
2018-11-01;49,69;49,92;49,60;49,89;185094
2018-11-02;50,3780;50,4040;49,7920;49,8060;46414
2018-11-02;50,38;50,40;49,79;49,81;46414
2018-11-05;49,8440;50,1040;49,7530;49,8670;40945
2018-11-05;49,84;50,10;49,75;49,87;40945
2018-11-06;50,0760;50,1480;49,8300;50,0260;18227
2018-11-06;50,08;50,15;49,83;50,03;18227
2018-11-07;50,2440;50,5920;50,2440;50,5920;67550
2018-11-07;50,24;50,59;50,24;50,59;67550
2018-11-08;51,0240;51,0900;50,8580;50,9880;39563
2018-11-08;51,02;51,09;50,86;50,99;39563
2018-11-09;51,0220;51,0220;50,6740;50,8040;11824
2018-11-09;51,02;51,02;50,67;50,80;11824
2018-11-12;51,2040;51,2220;50,4240;50,4520;16318
2018-11-12;51,20;51,22;50,42;50,45;16318
2018-11-13;50,60;50,70;50,14;50,47;25298
2018-11-14;50,0260;50,4400;49,9010;49,9010;20966
2018-11-14;50,03;50,44;49,90;49,90;20966
2018-11-15;49,9320;49,9780;49,3320;49,6860;122380
2018-11-15;49,93;49,98;49,33;49,69;122380
2018-11-16;49,9810;49,9810;49,4550;49,7040;7806
2018-11-16;49,98;49,98;49,46;49,70;7806
2018-11-19;49,9260;49,9690;49,1650;49,1650;9303
2018-11-19;49,93;49,97;49,17;49,17;9303
2018-11-20;48,8380;48,8510;48,2500;48,5270;122546
2018-11-20;48,84;48,85;48,25;48,53;122546
2018-11-21;48,6040;48,9480;48,5010;48,9260;89322
2018-11-21;48,60;48,95;48,50;48,93;89322
2018-11-22;48,6640;48,6640;48,3230;48,3230;18992
2018-11-22;48,66;48,66;48,32;48,32;18992
2018-11-23;48,4710;48,8120;48,4130;48,8010;27796
2018-11-23;48,47;48,81;48,41;48,80;27796
2018-11-26;48,9590;49,2820;48,9590;49,1230;8017
2018-11-26;48,96;49,28;48,96;49,12;8017
2018-11-27;49,3800;49,4830;49,0940;49,4340;25126
2018-11-27;49,38;49,48;49,09;49,43;25126
2018-11-28;49,6940;49,8230;49,5920;49,7060;22128
2018-11-28;49,69;49,82;49,59;49,71;22128
2018-11-29;50,0180;50,0940;49,8340;49,9610;181979
2018-11-29;50,02;50,09;49,83;49,96;181979
2018-11-30;49,9890;50,3060;49,8560;50,1960;163494
2018-11-30;49,99;50,31;49,86;50,20;163494
2018-12-03;51,33;51,33;50,77;50,81;229200
2018-12-04;50,6220;50,6340;50,3980;50,4900;61400
2018-12-04;50,62;50,63;50,40;50,49;61400
2018-12-05;49,7980;49,8930;49,6280;49,6280;58997
2018-12-05;49,80;49,89;49,63;49,63;58997
2018-12-06;49,1730;49,1790;47,9380;48,2050;85257
2018-12-06;49,17;49,18;47,94;48,21;85257
2018-12-07;48,7660;49,3190;48,5050;48,5050;141900
2018-12-07;48,77;49,32;48,51;48,51;141900
2018-12-10;48,0160;48,2060;47,4130;47,5880;185052
2018-12-10;48,02;48,21;47,41;47,59;185052
2018-12-11;48,1190;48,8770;48,0320;48,5090;74233
2018-12-11;48,12;48,88;48,03;48,51;74233
2018-12-12;48,5380;49,0290;48,5010;48,9290;18341
2018-12-12;48,54;49,03;48,50;48,93;18341
2018-12-13;48,8680;48,8900;48,5000;48,6650;24835
2018-12-13;48,87;48,89;48,50;48,67;24835
2018-12-14;48,1990;48,5150;48,1400;48,3900;25220
2018-12-14;48,20;48,52;48,14;48,39;25220
2018-12-17;48,0590;48,0840;47,3980;47,7360;75278
2018-12-17;48,06;48,08;47,40;47,74;75278
2018-12-18;47,2050;47,4400;47,0470;47,1760;30683
2018-12-18;47,21;47,44;47,05;47,18;30683
2018-12-19;46,8860;47,1900;46,8480;47,0860;40442
2018-12-19;46,89;47,19;46,85;47,09;40442
2018-12-20;45,9800;46,1520;45,7650;45,8170;101957
2018-12-20;45,98;46,15;45,77;45,82;101957
2018-12-21;45,5960;46,0670;45,3710;45,6820;40980
2018-12-21;45,60;46,07;45,37;45,68;40980
2018-12-27;45,8000;45,8000;44,6020;45,0090;62983
2018-12-27;45,80;45,80;44,60;45,01;62983
2018-12-28;45,5580;46,1130;45,5290;45,9790;19901
2018-12-28;45,56;46,11;45,53;45,98;19901
2019-01-02;45,4300;46,4240;45,1500;46,3230;112282
2019-01-02;45,43;46,42;45,15;46,32;112282
2019-01-03;45,8810;46,1640;45,4480;45,6850;43704
2019-01-03;45,88;46,16;45,45;45,69;43704
2019-01-04;45,9390;46,8080;45,8050;46,6410;21080
2019-01-04;45,94;46,81;45,81;46,64;21080
2019-01-07;46,9840;46,9840;46,6000;46,9710;104459
2019-01-07;46,98;46,98;46,60;46,97;104459
2019-01-08;47,1500;47,5870;47,0870;47,1530;65484
2019-01-08;47,15;47,59;47,09;47,15;65484
2019-01-09;47,50;47,68;47,22;47,39;25638
2019-01-10;47,07;47,59;47,00;47,59;24797
2019-01-11;47,61;47,70;47,37;47,67;18492
2019-01-14;47,42;47,62;47,34;47,55;26292
2019-01-15;47,88;48,12;47,70;48,08;92123
2019-01-16;48,34;48,47;48,17;48,47;13828
2019-01-17;48,12;48,50;48,10;48,48;27163
2019-01-18;48,80;49,46;48,79;49,41;42898
2019-01-21;49,23;49,29;49,15;49,26;54354
2019-01-22;49,08;49,17;48,88;48,99;38935
2019-01-23;48,70;49,08;48,60;48,64;58270
2019-01-24;48,78;49,03;48,72;48,91;7251
2019-01-25;49,26;49,36;49,18;49,23;19594
2019-01-28;49,05;49,09;48,55;48,61;30515
2019-01-29;48,65;49,00;48,62;48,79;7855
2019-01-30;48,87;49,19;48,79;49,19;13497
2019-01-31;49,35;49,61;49,16;49,57;26119
2019-02-01;49,73;49,85;49,49;49,65;88417
2019-02-04;49,76;49,90;49,61;49,90;23194
2019-02-05;50,05;50,46;50,05;50,40;40313
2019-02-06;50,39;50,57;50,30;50,45;53598
2019-02-07;50,41;50,49;49,79;49,79;58001
2019-02-08;49,90;50,06;49,70;49,79;44652
2019-02-11;50,11;50,39;50,11;50,29;41659
2019-02-12;50,64;50,76;50,56;50,69;17533
2019-02-13;50,88;51,18;50,80;50,99;18949
2019-02-14;51,27;51,28;50,71;50,82;19951
2019-02-15;50,78;51,57;50,70;51,41;62704
2019-02-18;51,50;51,55;51,34;51,45;13403
2019-02-19;51,45;51,45;51,30;51,41;16288
2019-02-20;51,45;51,60;51,33;51,51;26954
2019-02-21;51,69;51,71;51,32;51,44;29033
2019-02-22;51,45;51,74;51,42;51,71;16938
2019-02-25;51,82;52,00;51,77;51,92;42110
2019-02-26;51,65;51,84;51,47;51,78;9169
2019-02-27;51,54;51,65;51,39;51,63;15361
2019-02-28;51,44;51,57;51,35;51,56;15235
2019-03-01;51,78;51,91;51,59;51,59;85984
2019-03-04;52,11;52,20;51,88;51,88;24175
2019-03-05;51,85;52,01;51,71;51,99;15367
2019-03-06;51,89;51,97;51,65;51,72;15962
2019-03-07;51,54;51,88;51,38;51,68;40326
2019-03-08;51,40;51,51;51,08;51,20;61024
2019-03-11;51,51;52,00;51,42;51,94;18803
2019-03-12;52,09;52,10;51,88;51,95;13527
2019-03-13;51,97;52,30;51,89;52,25;33075
2019-03-14;52,26;52,33;52,12;52,24;27248
2019-03-15;52,24;52,49;52,19;52,49;64311
2019-03-18;52,47;52,59;52,36;52,50;20024
2019-03-19;52,72;52,89;52,57;52,81;17715
2019-03-20;52,59;52,64;52,22;52,22;41198
2019-03-21;52,10;52,72;51,99;52,62;12274
2019-03-22;52,73;52,78;52,23;52,23;9845
2019-03-25;51,96;52,11;51,80;51,92;36858
2019-03-26;52,14;52,58;52,14;52,37;30402
2019-03-27;52,62;52,67;52,12;52,29;8162
2019-03-28;52,40;52,70;52,38;52,47;29737
2019-03-29;52,81;52,88;52,70;52,86;23384
2019-04-01;53,26;53,49;53,22;53,47;79521
2019-04-02;53,56;53,72;53,54;53,62;27945
2019-04-03;53,82;53,89;53,70;53,88;31159
2019-04-04;53,70;53,92;53,64;53,78;20501
2019-04-05;53,93;54,05;53,79;53,99;49944
2019-04-08;53,98;53,98;53,65;53,81;38452
2019-04-09;53,80;53,85;53,49;53,58;15556
2019-04-10;53,67;53,79;53,64;53,72;6165
2019-04-11;53,77;53,82;53,55;53,71;104259
2019-04-12;53,64;53,80;53,58;53,74;86906
2019-04-15;53,87;53,91;53,72;53,80;97779
2019-04-16;53,93;54,11;53,89;54,03;13699
2019-04-17;53,98;54,15;53,87;53,87;11091
2019-04-18;53,76;54,20;53,73;54,12;30221
2019-04-23;54,23;54,67;54,13;54,67;42735
2019-04-24;54,68;54,74;54,53;54,72;34743
2019-04-25;54,81;54,92;54,56;54,81;10700
2019-04-26;54,74;54,87;54,64;54,83;15228
2019-04-29;55,00;55,09;54,88;55,02;23587
2019-04-30;54,85;54,88;54,63;54,72;14463
2019-05-02;54,71;54,79;54,45;54,55;91499
2019-05-03;54,71;54,98;54,71;54,92;33214
2019-05-06;54,05;54,55;53,97;54,49;62356
2019-05-07;54,56;54,60;53,88;53,99;39349
2019-05-08;53,89;54,00;53,55;53,80;57175
2019-05-09;53,43;53,54;52,76;52,87;42192
2019-05-10;53,41;53,45;52,75;52,77;17858
2019-05-13;53,12;53,12;52,26;52,33;78358
2019-05-14;52,47;53,07;52,44;53,07;28368
2019-05-15;53,11;53,28;52,74;53,28;78243
2019-05-16;53,21;54,04;53,10;54,04;25397
2019-05-17;53,74;53,97;53,48;53,88;24504
2019-05-20;53,81;53,81;53,12;53,31;28625
2019-05-21;53,59;53,72;53,45;53,65;8896
2019-05-22;53,63;53,66;53,35;53,59;19536
2019-05-23;53,30;53,32;52,88;52,88;19478
2019-05-24;53,03;53,21;52,80;52,94;26432
2019-05-27;53,10;53,24;53,01;53,07;22136
2019-05-28;53,23;53,23;52,90;53,00;25588
2019-05-29;52,59;52,59;52,34;52,40;35398
2019-05-30;52,63;52,76;52,52;52,52;15301
2019-05-31;52,12;52,12;51,77;52,10;37309
2019-06-03;51,71;51,96;51,52;51,85;120658
2019-06-04;51,44;52,23;51,42;52,23;39565
2019-06-05;52,45;52,68;52,30;52,57;35882
2019-06-06;52,80;53,07;52,67;52,71;21361
2019-06-07;53,03;53,28;52,86;53,22;38820
2019-06-11;53,65;53,96;53,60;53,65;63419
2019-06-12;53,38;53,56;53,31;53,45;21332
2019-06-13;53,46;53,81;53,46;53,67;37703
2019-06-14;53,65;53,88;53,53;53,85;37885
2019-06-17;54,06;54,06;53,77;53,88;70312
2019-06-18;53,83;54,81;53,76;54,64;47124
2019-06-19;54,68;54,68;54,51;54,53;22084
2019-06-20;54,89;54,98;54,75;54,75;40857
2019-06-21;54,81;54,84;54,56;54,71;10165
2019-06-24;54,48;54,53;54,30;54,32;39215
2019-06-25;54,12;54,27;54,07;54,09;15174
2019-06-26;53,99;54,24;53,88;53,92;26694
2019-06-27;54,16;54,16;53,91;53,95;28649
2019-06-28;54,08;54,24;54,08;54,20;17742
2019-07-01;55,23;55,23;54,96;55,03;94523
2019-07-02;55,15;55,19;54,97;55,08;12732
2019-07-03;55,32;55,64;55,32;55,64;26861
2019-07-04;55,73;55,79;55,65;55,75;25457
2019-07-05;55,80;55,80;55,47;55,61;38618
2019-07-08;55,56;55,63;55,44;55,53;45554
2019-07-09;55,29;55,46;55,22;55,41;10847
2019-07-10;55,35;55,79;55,30;55,47;27239
2019-07-11;55,60;55,66;55,44;55,58;22361
2019-07-12;55,59;55,73;55,59;55,67;11245
2019-07-15;55,80;55,85;55,63;55,80;81268
2019-07-16;55,84;56,03;55,81;55,95;31222
2019-07-17;55,92;55,94;55,63;55,68;21656
2019-07-18;55,27;55,54;55,22;55,33;14235
2019-07-19;55,70;55,82;55,60;55,73;10893
2019-07-22;55,50;55,69;55,45;55,55;35155
2019-07-23;55,86;56,16;55,80;56,07;50622
2019-07-24;56,25;56,33;56,10;56,27;30903
2019-07-25;56,58;56,83;55,95;56,16;26547
2019-07-26;56,24;56,53;56,22;56,53;19895
2019-07-29;56,45;56,59;56,39;56,39;30330
2019-07-30;56,40;56,41;55,97;56,09;26224
2019-07-31;56,07;56,25;56,07;56,22;17565
2019-08-01;56,03;56,53;56,03;56,53;104820
2019-08-02;55,31;55,38;54,69;54,75;31479
2019-08-05;54,41;54,41;53,27;53,38;47919
2019-08-06;52,99;53,65;52,92;53,12;50231
2019-08-07;53,45;53,85;52,60;53,15;64706
2019-08-08;53,84;54,33;53,62;54,33;35724
2019-08-09;54,46;54,51;53,89;53,92;75224
2019-08-12;54,40;54,54;53,64;53,69;44819
2019-08-13;53,50;54,56;53,29;54,24;31255
2019-08-14;54,32;54,32;53,25;53,41;34287
2019-08-15;53,50;53,53;52,67;53,35;113285
2019-08-16;53,65;54,15;53,65;54,07;31326
2019-08-19;54,62;54,75;54,40;54,72;36941
2019-08-20;53,77;53,85;53,42;53,53;32160
2019-08-21;53,45;53,79;53,45;53,78;36805
2019-08-22;53,74;53,98;53,44;53,59;32114
2019-08-23;53,93;54,01;52,79;52,79;51208
2019-08-26;52,61;53,12;52,46;52,87;75149
2019-08-27;52,87;53,34;52,80;53,09;24175
2019-08-28;52,96;53,18;52,72;53,18;18420
2019-08-29;53,13;53,93;53,13;53,93;17636
2019-08-30;54,03;54,40;54,03;54,23;18746
2019-09-02;54,22;54,47;54,20;54,30;93789
2019-09-03;54,24;54,34;54,06;54,15;35104
2019-09-04;54,52;54,69;54,28;54,42;51376
2019-09-05;54,95;55,09;54,73;55,07;34724
2019-09-06;55,08;55,41;55,00;55,11;21048
2019-09-09;55,39;55,39;55,06;55,16;67143
2019-09-10;55,04;55,06;54,86;54,86;42440
2019-09-11;55,22;55,66;55,22;55,66;23523
2019-09-12;55,79;56,21;55,61;55,72;67266
2019-09-13;55,62;55,84;55,61;55,76;11315
2019-09-16;55,47;55,85;55,34;55,76;285355
2019-09-17;55,68;55,73;55,47;55,56;22890
2019-09-18;55,53;55,69;55,47;55,47;14524
2019-09-19;55,49;55,95;55,49;55,95;8918
2019-09-20;55,82;56,08;55,69;56,02;39726
2019-09-23;55,86;55,91;55,62;55,74;30970
2019-09-24;55,95;56,04;55,69;55,69;16050
2019-09-25;55,42;55,60;55,10;55,57;16425
2019-09-26;55,68;56,02;55,68;55,72;20876
2019-09-27;55,97;56,05;55,68;55,85;8728
2019-09-30;55,68;55,97;55,64;55,94;45744
2019-10-01;56,28;56,28;55,42;55,48;95706
2019-10-02;55,20;55,20;53,98;53,98;34316
2019-10-04;54,26;54,72;54,14;54,72;18228
2019-10-07;54,75;55,03;54,67;55,03;113570
2019-10-08;54,99;54,99;54,26;54,28;23273
2019-10-09;54,15;54,57;54,15;54,45;47764
2019-10-10;54,39;54,85;54,19;54,78;26311
2019-10-11;54,90;55,60;54,90;55,60;19011
2019-10-14;55,38;55,38;55,00;55,29;29793
2019-10-15;55,59;55,88;55,40;55,79;58190
2019-10-16;55,70;55,78;55,50;55,58;13362
2019-10-17;55,48;55,66;55,40;55,41;22081
2019-10-18;55,38;55,40;55,15;55,16;34517
2019-10-21;55,23;55,53;55,14;55,47;63381
2019-10-22;55,55;55,72;55,41;55,62;12403
2019-10-23;55,41;55,64;55,33;55,62;32635
2019-10-24;55,69;55,93;55,60;55,93;13728
2019-10-25;55,83;56,13;55,68;56,12;18363
2019-10-28;56,15;56,39;56,07;56,31;17078
2019-10-29;56,35;56,37;56,21;56,35;22334
2019-10-30;56,20;56,28;55,99;56,15;34272
2019-10-31;56,20;56,31;55,87;55,92;47133
2019-11-01;56,17;56,53;56,10;56,41;90479
2019-11-04;56,68;56,95;56,66;56,91;34391
2019-11-05;56,97;57,23;56,92;57,23;81790
2019-11-06;57,12;57,22;56,95;57,22;47254
2019-11-07;57,50;57,69;57,37;57,67;46442
2019-11-08;57,41;57,58;57,35;57,57;15058
2019-11-11;57,43;57,53;57,30;57,46;48992
2019-11-12;57,64;57,97;57,54;57,86;33690
2019-11-13;57,66;57,76;57,33;57,72;39969
2019-11-14;57,70;57,77;57,62;57,62;21744
2019-11-15;57,94;57,94;57,62;57,89;113020
2019-11-18;58,01;58,03;57,66;57,81;37855
2019-11-19;57,94;58,13;57,63;57,76;32179
2019-11-20;57,58;57,78;57,48;57,71;39861
2019-11-21;57,41;57,60;57,33;57,45;19458
2019-11-22;57,64;57,79;57,55;57,72;9543
2019-11-25;58,03;58,34;58,01;58,32;25201
2019-11-26;58,29;58,41;58,20;58,39;46221
2019-11-27;58,62;58,70;58,52;58,64;21692
2019-11-28;58,52;58,64;58,48;58,63;10605
2019-11-29;58,43;58,67;58,35;58,41;26056
2019-12-02;58,57;58,70;57,44;57,46;132438
2019-12-03;57,67;57,72;56,88;56,96;43044
2019-12-04;57,15;57,71;57,11;57,71;18065
2019-12-05;57,91;57,91;57,47;57,47;21419
2019-12-06;57,69;58,43;57,66;58,42;9627
2019-12-09;58,31;58,31;58,08;58,21;89278
2019-12-10;58,04;58,11;57,59;57,98;49842
2019-12-11;58,01;58,10;57,84;58,01;26367
2019-12-12;57,99;58,51;57,79;58,29;39723
2019-12-13;58,43;58,67;58,16;58,42;44034
2019-12-16;58,70;59,03;58,62;59,00;114077
2019-12-17;58,91;58,91;58,68;58,81;27640
2019-12-18;58,85;59,00;58,81;58,96;29810
2019-12-19;58,93;59,05;58,83;59,01;22291
2019-12-20;59,15;59,60;58,85;59,60;38880
2019-12-23;59,53;59,66;59,42;59,53;38534
2019-12-27;59,72;59,74;59,40;59,49;19902
2019-12-30;59,36;59,36;59,17;59,28;47780
2020-01-02;59,31;59,67;59,28;59,38;112929
2020-01-03;59,29;59,48;59,10;59,38;53680
2020-01-06;59,14;59,28;58,76;59,27;73937
2020-01-07;59,55;59,69;59,39;59,60;70748
2020-01-08;59,36;59,87;59,32;59,83;22358
2020-01-09;60,22;60,25;60,10;60,22;41471
2020-01-10;60,41;60,50;60,20;60,20;25811
2020-01-13;60,14;60,24;59,98;60,07;84973
2020-01-14;60,19;60,40;60,01;60,35;12496
2020-01-15;60,40;60,43;60,13;60,36;84647
2020-01-16;60,48;60,63;60,39;60,63;22537
2020-01-17;60,90;61,18;60,88;61,13;24466
2020-01-20;61,15;61,21;61,05;61,20;62985
2020-01-21;60,89;61,07;60,73;61,07;45818
2020-01-22;61,26;61,39;61,09;61,15;19447
2020-01-23;60,98;61,10;60,76;61,03;50929
2020-01-24;61,4060;61,5800;61,2500;61,2720;38703
2020-01-24;61,41;61,58;61,25;61,27;38703
