Datum;Kurs
2019-01-08;47,1530
2019-01-07;46,9710
2019-01-04;46,6410
2019-01-03;45,6850
2019-01-02;46,3230
2018-12-28;45,9790
2018-12-27;45,0090
2018-12-21;45,6820
2018-12-20;45,8170
2018-12-19;47,0860
2018-12-18;47,1760
2018-12-17;47,7360
2018-12-14;48,3900
2018-12-13;48,6650
2018-12-12;48,9290
2018-12-11;48,5090
2018-12-10;47,5880
2018-12-07;48,5050
2018-12-06;48,2050
2018-12-05;49,6280
2018-12-04;50,4900
2018-11-30;50,1960
2018-11-29;49,9610
2018-11-28;49,7060
2018-11-27;49,4340
2018-11-26;49,1230
2018-11-23;48,8010
2018-11-22;48,3230
2018-11-21;48,9260
2018-11-20;48,5270
2018-11-19;49,1650
2018-11-16;49,7040
2018-11-15;49,6860
2018-11-14;49,9010
2018-11-12;50,4520
2018-11-09;50,8040
2018-11-08;50,9880
2018-11-07;50,5920
2018-11-06;50,0260
2018-11-05;49,8670
2018-11-02;49,8060
2018-11-01;49,8860
2018-10-31;49,8860
2018-10-30;48,7780
2018-10-29;48,9100
2018-10-26;48,6190
2018-10-25;49,2840
2018-10-24;49,1910
2018-10-23;49,0530
2018-10-22;50,0460
2018-10-19;50,2620
2018-10-18;50,1060
2018-10-17;50,3740
2018-10-16;50,1960
2018-10-15;49,7410
2018-10-12;49,6520
2018-10-11;49,5460
2018-10-10;51,0860
2018-10-09;52,1080
2018-10-08;51,9640
2018-10-05;52,1380
2018-10-04;52,4560
2018-10-02;52,7520
2018-10-01;52,9380
2018-09-28;52,5100
2018-09-27;52,4600
2018-09-26;52,1860
2018-09-25;52,0920
2018-09-24;51,9040
2018-09-13;51,5980
2018-09-12;51,6260
2018-09-11;51,5640
2018-09-10;51,5300
2018-09-07;51,5380
2018-09-06;51,3240
2018-09-05;51,4720
2018-09-04;52,0780
2018-09-03;52,1940
2018-08-31;52,1340
2018-08-30;52,1980
2018-08-29;52,1820
2018-08-28;51,8980
2018-08-27;52,0280
2018-08-24;51,7880
2018-08-23;51,6680
2018-08-22;51,8320
2018-08-20;53,1540
2018-08-17;52,9940
2018-08-16;53,1120
2018-08-15;52,8460
2018-08-14;53,2700
2018-08-13;53,0240
2018-08-10;53,1640
2018-08-09;53,0600
2018-08-08;52,8680
2018-08-07;52,9500
2018-08-06;52,7860
2018-08-03;52,5520
2018-08-02;52,2480
2018-08-01;52,1700
2018-07-31;52,1320
2018-07-30;52,0000
2018-07-27;52,5060
2018-07-26;52,5300
2018-07-25;52,1440
2018-07-24;52,0720
2018-07-23;51,7160
2018-07-20;51,7960
2018-07-19;52,0900
2018-07-18;52,0540
2018-07-17;51,6980
2018-07-16;51,5520
2018-07-13;51,8100
2018-07-12;51,5070
2018-07-11;51,1740
2018-07-10;51,4760
2018-07-09;51,2960
2018-07-06;50,8920
2018-07-05;50,6100
2018-07-04;50,7060
2018-07-03;50,7600
2018-07-02;50,5110
2018-06-29;50,9000
2018-06-28;50,6720
2018-06-27;51,0270
2018-06-26;50,5570
2018-06-25;50,2600
2018-06-22;51,5140
2018-06-21;51,2940
2018-06-20;51,6700
2018-06-19;51,4530
2018-06-18;51,6680
2018-06-15;51,7160
2018-06-14;52,0360
2018-06-13;51,5800
2018-06-12;51,4040
2018-06-11;51,4160
2018-06-08;51,1800
2018-06-07;51,1300
2018-06-06;51,1840
2018-06-05;51,2200
2018-06-04;51,2360
2018-06-01;51,0540
2018-05-30;50,9180
2018-05-29;50,9260
2018-05-28;51,1580
2018-05-25;51,1180
2018-05-24;50,7880
2018-05-23;50,9320
2018-05-22;51,1540
2018-05-21;50,8300
2018-05-18;50,8300
2018-05-17;50,9280
2018-05-16;50,7360
2018-05-15;50,3300
2018-05-14;50,3260
2018-05-11;50,3360
2018-05-10;50,2920
2018-05-09;49,9110
2018-05-08;49,7020
2018-05-07;49,6510
2018-05-04;49,2670
2018-05-03;48,3650
2018-05-02;48,9950
2018-04-30;48,9570
2018-04-27;48,7070
2018-04-26;48,5210
2018-04-25;47,8590
2018-04-24;48,2600
2018-04-23;48,3920
2018-04-20;48,0950
2018-04-19;48,1180
2018-04-18;48,2610
2018-04-17;48,2110
2018-04-16;47,6130
2018-04-13;47,6440
2018-04-12;47,6980
2018-04-11;47,3430
2018-04-10;47,6000
2018-04-09;47,3770
2018-04-05;47,9940
2018-04-04;46,6040
2018-04-03;46,6490
2018-03-29;47,0820
2018-03-28;46,5980
2018-03-27;47,0400
2018-03-26;46,1130
2018-03-23;46,6680
2018-03-22;47,5800
2018-03-21;48,4580
2018-03-20;48,2870
2018-03-19;47,8860
2018-03-16;48,7640
2018-03-15;48,6390
2018-03-14;48,4140
2018-03-13;48,6190
2018-03-12;49,0170
2018-03-09;48,7500
2018-03-08;48,2930
2018-03-07;47,8110
2018-03-06;47,6840
2018-03-05;47,7020
2018-03-02;47,1620
2018-03-01;48,3660
2018-02-28;48,9250
2018-02-27;49,2330
2018-02-26;48,9810
2018-02-23;48,5050
2018-02-22;48,3930
2018-02-21;48,6080
2018-02-20;48,4260
2018-02-19;48,1320
2018-02-16;48,2690
2018-02-15;47,4440
2018-02-14;47,1810
2018-02-13;46,8360
2018-02-12;47,1500
2018-02-09;46,4580
2018-02-08;47,3590
2018-02-07;48,3180
2018-02-06;46,8030
2018-02-05;48,4080
2018-02-02;49,1300
2018-02-01;49,6010
2018-01-31;49,7890
2018-01-30;49,9780
2018-01-29;50,6280
2018-01-26;50,4060
2018-01-25;49,9970
2018-01-24;50,3400
2018-01-23;50,7620
2018-01-22;50,4860
2018-01-19;50,3360
2018-01-18;50,2060
2018-01-17;50,1980
2018-01-16;50,2100
2018-01-15;50,0600
2018-01-12;50,3100
2018-01-11;50,2820
2018-01-10;50,4600
2018-01-09;50,7380
2018-01-08;50,3560
2018-01-05;49,9940
2018-01-04;49,6570
2018-01-03;49,3980
2018-01-02;48,9900
2017-12-29;49,2600
2017-12-28;49,2000
2017-12-27;49,4150
2017-12-22;49,4500
2017-12-21;49,4600
2017-12-20;49,2700
2017-12-19;49,5650
2017-12-18;49,7650
2017-12-15;49,4700
2017-12-14;49,3400
2017-12-13;49,5675
2017-12-12;49,6850
2017-12-11;49,1750
2017-12-08;49,1800
2017-12-07;48,8600
2017-12-06;48,7650
2017-12-05;48,9200
2017-12-04;48,9300
2017-12-01;48,2050
2017-11-30;48,6600
2017-11-29;48,6650
2017-11-28;48,4550
2017-11-27;48,1400
2017-11-24;48,1700
2017-11-23;48,3400
2017-11-22;48,5300
2017-11-21;48,7100
2017-11-20;48,3900
2017-11-17;48,0800
2017-11-16;48,2300
2017-11-15;47,8150
2017-11-14;48,0800
2017-11-13;48,6050
2017-11-10;48,7100
2017-11-09;48,8500
2017-11-08;49,2550
2017-11-07;49,2950
2017-11-06;49,2050
2017-11-03;49,1100
2017-11-02;48,9900
2017-10-31;48,7050
2017-10-30;48,7050
2017-10-27;48,9600
2017-10-26;48,3250
2017-10-25;47,7150
2017-10-24;48,1400
2017-10-23;48,2900
2017-10-20;48,1000
2017-10-19;47,7150
2017-10-18;48,0550
2017-10-17;48,0150
2017-10-16;47,8800
2017-10-13;47,7300
2017-10-12;47,6600
2017-10-11;47,6000
2017-10-10;47,6350
2017-10-09;47,8100
2017-10-06;47,7850
2017-10-05;47,8900
2017-10-04;47,6300
2017-10-03;47,5400
2017-10-02;47,5400
2017-09-29;47,1200
2017-09-28;47,0700
2017-09-27;47,0700
2017-09-26;46,9200
2017-09-25;46,6850
2017-09-22;46,3850
2017-09-21;46,5050
2017-09-20;46,3750
2017-09-19;46,4000
2017-09-18;46,4450
2017-09-15;46,2500
2017-09-14;46,4800
2017-09-13;46,4500
2017-09-12;46,2200
2017-09-11;46,0450
2017-09-08;45,4600
2017-09-07;45,4300
2017-09-06;45,6000
2017-09-05;45,6500
2017-09-04;45,7100
2017-09-01;46,0250
2017-08-31;45,7900
2017-08-30;45,3800
2017-08-29;44,8550
2017-08-28;45,1750
2017-08-25;45,5600
2017-08-24;45,6500
2017-08-23;45,7500
2017-08-22;45,9000
2017-08-21;45,3900
2017-08-18;45,7400
2017-08-17;46,1000
2017-08-16;46,4650
2017-08-15;46,1600
2017-08-14;46,0900
2017-08-11;45,5850
2017-08-10;46,0150
2017-08-09;46,3250
2017-08-08;46,6750
2017-08-07;46,4000
2017-08-04;46,5500
2017-08-03;46,0350
2017-08-02;46,0300
2017-08-01;46,2950
2017-07-31;46,1800
2017-07-28;46,2600
2017-07-27;46,7900
2017-07-26;46,8200
2017-07-25;46,7150
2017-07-24;46,5250
2017-07-21;46,5500
2017-07-20;46,6850
2017-07-19;47,0700
2017-07-18;46,6250
2017-07-17;47,1150
2017-07-14;47,0350
2017-07-13;47,1200
2017-07-12;46,9350
2017-07-11;46,3950
2017-07-10;46,6700
2017-07-07;46,5600
2017-07-06;46,4900
2017-07-05;46,9000
2017-07-04;46,8250
2017-07-03;47,0250
2017-06-30;46,5450
2017-06-29;46,5500
2017-06-28;47,0950
2017-06-27;47,2600
2017-06-26;47,6500
2017-06-23;47,6080
2017-06-22;47,8080
2017-06-21;47,7530
2017-06-20;47,9480
2017-06-19;48,0130
2017-06-16;47,5180
2017-06-15;47,5600
2017-06-14;47,4100
2017-06-13;47,6050
2017-06-12;47,4000
2017-06-09;47,7880
2017-06-08;47,5250
2017-06-07;47,3750
2017-06-06;47,3600
2017-06-02;47,4480
2017-06-01;47,3400
2017-05-31;46,9980
2017-05-30;47,2750
2017-05-29;47,3550
2017-05-26;47,3250
2017-05-25;47,2180
2017-05-23;46,9730
2017-05-22;46,8550
2017-05-19;46,8750
2017-05-18;46,7700
2017-05-17;46,8150
2017-05-16;47,5800
2017-05-15;47,9080
2017-05-12;47,8850
2017-05-11;48,0050
2017-05-10;48,1680
2017-05-09;48,0950
2017-05-08;47,8980
2017-05-05;47,6050
2017-05-04;47,6250
2017-05-03;47,5700
2017-05-02;47,7200
2017-04-28;47,5700
2017-04-27;47,7250
2017-04-26;47,9050
2017-04-25;47,4900
2017-04-24;47,5200
2017-04-21;47,5430
2017-04-20;47,2430
2017-04-19;47,4000
2017-04-18;47,2750
2017-04-13;47,8000
2017-04-12;47,8250
2017-04-11;47,8030
2017-04-10;48,0000
2017-04-07;47,9550
2017-04-06;47,8700
2017-04-05;47,9750
2017-04-04;47,8000
2017-04-03;47,7050
2017-03-31;47,8550
2017-03-30;47,7900
2017-03-29;47,5100
2017-03-28;47,0080
2017-03-27;46,6380
2017-03-23;47,2530
2017-03-22;46,9100
2017-03-21;47,0550
2017-03-20;47,6450
2017-03-17;47,7430
2017-03-16;47,7580
2017-03-15;47,8500
2017-03-14;47,5650
2017-03-13;47,6750
2017-03-10;47,5680
2017-03-09;47,7850
2017-03-08;47,9330
2017-03-07;47,8550
2017-03-06;47,8400
2017-03-03;48,0900
2017-03-02;48,3200
2017-03-01;48,3350
2017-02-28;47,6300
2017-02-27;47,6050
2017-02-24;47,6800
2017-02-23;47,8550
2017-02-22;48,0050
2017-02-21;47,9400
2017-02-20;47,5500
2017-02-17;47,3250
2017-02-16;47,1750
2017-02-15;47,4550
2017-02-14;47,2600
2017-02-13;47,2030
2017-02-10;46,7650
2017-02-09;46,5650
2017-02-08;46,1400
2017-02-07;46,1680
2017-02-06;45,9600
2017-02-03;45,9380
2017-02-02;45,6130
2017-02-01;45,7180
2017-01-31;45,3330
2017-01-30;45,8200
2017-01-27;46,2380
2017-01-26;46,4600
2017-01-25;46,0800
2017-01-24;45,6150
2017-01-23;45,4500
2017-01-20;45,8750
2017-01-19;45,9230
2017-01-18;45,7930
2017-01-17;45,7000
2017-01-16;46,1000
2017-01-13;46,2450
2017-01-12;45,7250
2017-01-11;46,5000
2017-01-10;46,2250
2017-01-09;46,1950
2017-01-06;46,3000
2017-01-05;46,0330
2017-01-04;46,3900
2017-01-03;46,2500
2017-01-02;46,0000
2016-12-30;45,7700
2016-12-29;45,8130
2016-12-28;46,3400
2016-12-27;46,2050
2016-12-23;46,1150
2016-12-22;46,0850
2016-12-21;46,3150
2016-12-20;46,4900
2016-12-19;46,1650
2016-12-16;46,1600
2016-12-15;46,3850
2016-12-14;45,5050
2016-12-13;45,6630
2016-12-12;45,5580
2016-12-09;45,7050
2016-12-08;45,2300
2016-12-07;44,2700
2016-12-06;44,0250
2016-12-05;43,9950
2016-12-02;43,9480
2016-12-01;44,1430
2016-11-30;44,5250
2016-11-29;44,3400
2016-11-28;44,3680
2016-11-25;44,4280
2016-11-23;44,3330
2016-11-22;44,0950
2016-11-21;44,0880
2016-11-18;43,9000
2016-11-17;43,8400
2016-11-16;43,5680
2016-11-15;43,3380
2016-11-14;43,1980
2016-11-11;42,7600
2016-11-10;42,7330
2016-11-09;42,5850
2016-11-08;41,9150
2016-11-07;41,7350
2016-11-04;40,9550
2016-11-03;41,1230
2016-11-02;41,2000
2016-11-01;41,6580
2016-10-31;42,2630
2016-10-28;42,4650
2016-10-27;42,5430
2016-10-26;42,6600
2016-10-25;42,8030
2016-10-24;42,8980
2016-10-21;42,7600
2016-10-20;42,5880
2016-10-19;42,5680
2016-10-14;42,2200
2016-10-13;41,7580
2016-10-12;42,1430
2016-10-11;42,0380
2016-10-10;42,2300
2016-10-07;41,8680
2016-10-06;41,9630
2016-10-05;42,0450
2016-10-04;42,2600
2016-09-30;42,0650
2016-09-29;42,0130
2016-09-28;41,9330
2016-09-27;41,8700
2016-09-26;41,5650
2016-09-23;42,1880
2016-09-22;42,3150
2016-09-21;41,9250
2016-09-20;41,7080
2016-09-19;41,7550
2016-09-16;41,4550
2016-09-15;41,4030
2016-09-14;41,0750
2016-09-13;41,0650
2016-09-12;41,4800
2016-09-09;41,8530
2016-09-08;42,2380
2016-09-07;42,3400
2016-09-06;42,2750
2016-09-05;42,4980
2016-09-02;42,4430
2016-09-01;41,8900
2016-08-31;41,9930
2016-08-30;42,1680
2016-08-29;42,1400
2016-08-26;42,0130
2016-08-25;41,8230
2016-08-24;42,0480
2016-08-23;41,9100
2016-08-22;41,6350
2016-08-19;41,6500
2016-08-18;41,7780
2016-08-17;41,6680
2016-08-16;41,9000
2016-08-15;42,3700
2016-08-12;42,3200
2016-08-11;42,4030
2016-08-10;42,0880
2016-08-09;42,4050
2016-08-08;42,3250
2016-08-05;42,2700
2016-08-04;41,7930
2016-08-03;41,4380
2016-08-02;41,2650
2016-08-01;41,8780
2016-07-29;41,9150
2016-07-28;41,7900
2016-07-27;42,2400
2016-07-26;42,2150
2016-07-25;42,1930
2016-07-22;42,2630
2016-07-21;42,2180
2016-07-20;42,2900
2016-07-19;41,9850
2016-07-18;41,8800
2016-07-15;41,8630
2016-07-14;41,8300
2016-07-13;41,4780
2016-07-12;41,7200
2016-07-11;41,4600
2016-07-08;40,9780
2016-07-07;40,4650
2016-07-06;40,1580
2016-07-05;40,3000
2016-07-04;40,5730
2016-07-01;40,5680
2016-06-30;40,3250
2016-06-29;39,9880
2016-06-28;39,2030
2016-06-27;38,7700
2016-06-24;39,7150
2016-06-23;40,4950
2016-06-22;40,3100
2016-06-21;40,2530
2016-06-20;40,1500
2016-06-17;39,4050
2016-06-16;39,2050
2016-06-15;39,5750
2016-06-13;39,7150
2016-06-10;40,1050
2016-06-09;40,3900
2016-06-08;40,4680
2016-06-07;40,6200
2016-06-06;40,3150
2016-06-02;40,6080
2016-06-01;40,5530
2016-05-31;40,8130
2016-05-30;40,9430
2016-05-27;40,8680
2016-05-26;40,6180
2016-05-25;40,6480
2016-05-24;40,3030
2016-05-23;39,6400
2016-05-20;39,7900
2016-05-19;39,2030
2016-05-18;39,5600
2016-05-17;39,4200
2016-05-13;39,4930
2016-05-12;39,1350
2016-05-11;39,3150
2016-05-10;39,4830
2016-05-09;39,0080
2016-05-06;38,7950
2016-05-05;39,0230
2016-05-04;38,6350
2016-05-03;38,8330
2016-05-02;39,3030
2016-04-29;39,1400
2016-04-28;40,3400
2016-04-27;40,2780
2016-04-26;40,2880
2016-04-25;40,2780
2016-04-22;40,5150
2016-04-21;40,5430
2016-04-20;40,5930
2016-04-19;40,3130
2016-04-15;39,9350
2016-04-14;40,1630
2016-04-13;39,9380
2016-04-12;39,0000
2016-04-11;38,6700
2016-04-08;38,6430
2016-04-07;38,4530
2016-04-06;38,6000
2016-04-05;38,3750
2016-04-04;38,9380
2016-03-31;39,1000
2016-03-30;39,3930
2016-03-29;39,1480
2016-03-24;39,0100
2016-03-23;39,4730
2016-03-22;39,5180
2016-03-21;39,3700
2016-03-18;39,3430
2016-03-17;39,1150
2016-03-16;39,3280
2016-03-15;39,1730
2016-03-14;39,5080
2016-03-11;39,1000
2016-03-10;38,2950
2016-03-09;39,1280
2016-03-08;38,9380
2016-03-07;39,4000
2016-03-04;39,4280
2016-03-03;39,1180
2016-03-02;39,3400
2016-02-29;38,6730
2016-02-26;38,4080
2016-02-25;37,6300
2016-02-24;36,9680
2016-02-23;37,5930
2016-02-22;38,0350
2016-02-19;37,2000
2016-02-18;37,4230
2016-02-17;37,3430
2016-02-16;36,4730
2016-02-15;36,5350
2016-02-12;35,6050
2016-02-11;34,4380
2016-02-10;35,7650
2016-02-09;35,2350
2016-02-08;35,7030
2016-02-05;36,7530
2016-02-04;37,1280
2016-02-03;37,0480
2016-02-02;38,0530
2016-02-01;38,5950
2016-01-29;38,5380
2016-01-28;37,4950
2016-01-27;38,1580
2016-01-26;37,9980
2016-01-25;37,9380
2016-01-22;38,0730
2016-01-21;37,3530
2016-01-20;36,3780
2016-01-19;37,6330
2016-01-18;37,3450
2016-01-15;37,1600
2016-01-14;38,0950
2016-01-13;38,8080
2016-01-12;38,5180
2016-01-11;38,2980
2016-01-08;38,4650
2016-01-07;39,3230
2016-01-06;40,3280
2016-01-05;40,8250
2016-01-04;40,2780
2015-12-30;41,3700
2015-12-29;41,5150
2015-12-28;40,6600
2015-12-23;41,2330
2015-12-22;40,2400
2015-12-21;40,0530
2015-12-18;40,6180
2015-12-17;41,1730
2015-12-16;40,6530
2015-12-15;40,5330
2015-12-14;39,3280
2015-12-11;39,9830
2015-12-10;40,8480
2015-12-09;40,8480
2015-12-08;41,1730
2015-12-07;41,6100
2015-12-04;41,5830
2015-12-03;41,5700
2015-12-01;43,1000
2015-11-30;43,1030
2015-11-27;43,0530
2015-11-26;43,2030
2015-11-25;42,9730
2015-11-24;42,6430
2015-11-23;43,0100
2015-11-20;42,9080
2015-11-19;42,4080
2015-11-18;42,4800
2015-11-17;42,4530
2015-11-16;41,4100
2015-11-13;41,4080
2015-11-12;41,7650
2015-11-11;42,2700
2015-11-10;42,2380
2015-11-09;41,9200
2015-11-06;42,4130
2015-11-05;42,5000
2015-11-04;42,2300
2015-11-03;42,0100
2015-11-02;41,5530
2015-10-30;41,4980
2015-10-29;41,6850
2015-10-28;41,3680
2015-10-27;41,0430
2015-10-26;41,3350
2015-10-23;41,4230
2015-10-22;40,5350
2015-10-21;39,6500
2015-10-20;39,6000
2015-10-19;39,7400
2015-10-16;39,6280
2015-10-15;39,1130
2015-10-14;38,6850
2015-10-13;39,2450
2015-10-12;39,3780
2015-10-09;39,3830
2015-10-08;39,2730
2015-10-07;39,1200
2015-09-30;37,7850
2015-09-29;36,9100
2015-09-25;38,3050
2015-09-21;38,9300
2015-09-18;38,3900
2015-09-17;39,1230
2015-09-15;38,6530
2015-09-14;38,2330
2015-09-11;38,1800
2015-09-09;39,2530
2015-09-08;38,7500
2015-09-07;38,3950
2015-09-04;38,2780
2015-09-03;39,2850
2015-09-02;38,1280
2015-09-01;38,1700
2015-08-31;39,2480
2015-08-28;39,4850
2015-08-27;39,1700
2015-08-26;37,2050
2015-08-25;38,0500
2015-08-04;42,7800
2015-08-03;42,8700
2015-07-20;43,7780
2015-07-14;42,8300
2015-07-13;42,5450
2015-07-09;41,6100
2015-07-07;41,4150
2015-07-06;41,6980
2015-07-02;41,8980
2015-06-26;42,4930
2015-06-23;42,7280
2015-06-19;41,7880
2015-06-12;41,8030
2015-06-10;41,8380
2015-06-09;41,3830
2015-06-08;41,6430
2015-06-04;41,9180
2015-06-03;42,3200
2015-06-02;42,5900
2015-06-01;43,2850
2015-05-29;43,0580
2015-05-28;43,6080
2015-05-27;43,7700
2015-05-26;43,5280
2015-05-22;43,4800
2015-05-21;43,3100
2015-05-20;43,2180
2015-05-19;43,0650
2015-05-18;42,3100
2015-05-15;41,9330
2015-05-14;42,1150
2015-05-04;42,6550
2015-04-24;43,9330
2015-04-21;43,9300
2015-04-08;43,3100
2015-04-02;42,6400
2015-03-17;43,2200
2015-03-04;41,9400
2015-02-27;41,7900
2015-02-25;41,2800
2015-02-23;41,1600
2015-02-20;40,9000
2015-02-19;40,8400
2015-02-10;40,1000
2015-02-09;39,9600
2015-02-05;39,8600
2015-02-04;39,7200
2015-02-03;39,2400
2015-02-02;39,2500
2015-01-30;39,2300
2015-01-28;39,5700
2015-01-27;39,4400
2015-01-02;37,2800
2014-12-29;37,4400
2014-12-18;36,3600
2014-12-08;37,0500
2014-12-05;37,2000
2014-11-28;36,8200
2014-11-26;36,6800
2014-11-25;36,7200
2014-11-24;36,7700
2014-11-14;36,1600
2014-11-11;36,2800
2014-11-06;36,0600
2014-11-05;35,8600
2014-11-04;35,4300
2014-11-03;35,9200
2014-10-31;35,8600
2014-10-30;35,1000
2014-10-27;34,3700
2014-10-24;34,5100
2014-10-23;34,5500
2014-10-22;34,4400
2014-10-21;34,0200
2014-10-20;33,2900
2014-10-17;33,3600
2014-10-16;32,6800
2014-10-15;32,5600
2014-09-22;35,3300
2014-08-29;34,8300
2014-08-20;34,2000
2014-08-18;33,8700
2014-08-15;33,4400
2014-08-13;33,5300
2014-08-12;33,2500
2014-08-11;33,3600
2014-08-07;33,0800
2014-08-06;33,2500
2014-08-05;33,3500
2014-08-04;33,2000
2014-07-31;33,6000
2014-07-29;34,0500
2014-07-28;34,0000
2014-07-23;34,1100
2014-07-17;33,6600
2014-07-16;33,8100
2014-07-15;33,5400
2014-07-11;33,3700
2014-07-10;33,3500
2014-07-09;33,4400
2014-07-08;33,4000
2014-07-07;33,7100
2014-07-04;33,9000
2014-07-03;33,9000
2014-07-02;33,6600
2014-07-01;33,5800
2014-06-30;33,3000
2014-06-27;33,3400
2014-06-26;33,3500
2014-06-25;33,2800
2014-06-24;33,6200
2014-06-23;33,5100
2014-06-20;33,6300
2014-06-19;33,4900
2014-06-18;33,3100
2014-06-17;33,3200
2014-06-16;33,2100
2014-05-30;32,8200
2014-05-12;32,1000
2014-05-02;31,7100
2014-04-28;31,4200
2014-04-22;31,7400
2014-04-15;30,8400
2014-04-08;31,2600
2014-03-28;31,4800
2014-03-26;31,3200
2014-03-21;31,3200
2014-03-10;31,2900
2014-03-04;31,6800
2014-02-25;31,5200
2014-02-19;31,3000
2014-02-18;31,2700
2014-02-11;30,9100
2014-01-09;31,3200
2013-12-20;30,8200
2013-12-18;30,0400
2013-12-16;30,0900
2013-12-12;29,8900
2013-11-14;30,9200
2013-11-13;30,6500
2013-11-06;30,6600
2013-10-29;30,2900
2013-10-23;29,9600
2013-10-21;30,1400
2013-09-30;29,4000
2013-09-26;29,7200
2013-09-24;29,7600
2013-09-20;29,8500
2013-09-19;29,9600
2013-09-17;29,8200
2013-09-13;29,7300
2013-09-12;29,6500
2013-09-11;29,6600
2013-09-02;29,0900
2013-08-30;28,6700
2013-08-29;28,9300
2013-08-14;29,6500
2013-08-08;29,2700
2013-08-07;29,3000
2013-08-05;29,7000
2013-07-30;29,3000
2013-07-08;29,1600
2013-07-05;28,8600
2013-07-03;28,4300
2013-06-14;28,1900
2013-06-13;28,0500
2013-06-11;28,4000
2013-06-10;28,6600
2013-06-07;28,6100
2013-06-04;29,0100
2013-06-03;28,7400
2013-05-31;29,3600
2013-05-17;30,1900
2013-05-10;29,5400
2013-05-09;29,2800
2013-05-03;29,0600
2013-05-02;28,8400
2013-04-16;27,9500
2013-04-04;28,2900
2013-04-02;28,6100
2013-03-15;28,1500
2013-03-07;27,7600
2013-03-06;27,8400
2013-03-05;27,8100
2013-03-04;27,4400
2013-03-01;27,4400
2013-02-27;27,1200
2013-02-22;27,0100
2013-02-21;26,7700
2013-02-12;26,6700
2013-02-08;26,7500
2013-02-06;26,3700
2013-01-29;26,5400
2013-01-09;26,5700
2012-12-27;25,5200
2012-12-20;25,8500
2012-12-18;25,8200
2012-12-10;25,9300
2012-11-30;25,5700
2012-11-29;25,6500
2012-11-09;25,4300
2012-11-08;25,4200
2012-10-31;25,3100
2012-10-30;25,4200
2012-10-22;25,4900
2012-10-17;25,8000
2012-10-01;25,9300
2012-09-28;25,6800
2012-09-26;25,7100
2012-09-21;26,0300
2012-09-19;25,9100
2012-09-18;25,8500
2012-09-17;25,8400
2012-09-12;25,7500
2012-09-04;25,4900
2012-09-03;25,7100
2012-08-27;25,9700
2012-08-20;26,2700
2012-07-27;25,3500
2012-07-25;24,8700
2012-07-16;25,1300
2012-07-06;25,0300
2012-06-29;24,4600
2012-06-28;24,1200
2012-06-27;24,2400
2012-06-19;24,3100
2012-06-12;23,9300
2012-06-08;23,8200
2012-06-07;23,8700
2012-06-06;23,7200
2012-05-28;23,8400
2012-05-24;23,7300
2012-05-23;23,4200
2012-05-18;23,2300
2012-05-16;23,7900
2012-05-15;23,8900
2012-05-14;23,9100
2012-05-04;24,0800
2012-05-02;24,4900
2012-04-30;24,3700
2012-04-26;24,3500
2012-04-24;24,0800
2012-04-23;23,9500
2012-04-19;24,3300
2012-04-13;24,2200
2012-04-05;24,6400
2012-03-26;24,7100
2012-03-23;24,5200
2012-03-21;24,7900
2012-03-19;24,9400
2012-03-13;24,7500
2012-03-07;24,0600
2012-03-02;24,4900
2012-02-23;24,1400
2012-02-17;24,3200
2012-02-15;24,3100
2012-02-14;24,0500
2012-02-06;24,0900
2012-02-03;24,1200
2012-01-18;23,5700
2012-01-06;23,2800
2012-01-03;23,0400
2011-12-22;22,2700
2011-12-16;21,8300
2011-12-05;22,1700
2011-12-01;21,7800
2011-11-18;21,2500
2011-11-07;21,5600
2011-11-01;21,2100
2011-10-27;21,7500
2011-10-26;21,3300
2011-10-24;21,5200
2011-10-21;21,2900
2011-10-19;21,2400
2011-10-17;21,1200
2011-10-14;21,0900
2011-10-11;21,0200
2011-10-06;20,6400
2011-10-05;20,2900
2011-09-30;20,4800
2011-09-29;20,5100
2011-09-23;19,9600
2011-09-22;19,9600
2011-09-21;20,7600
2011-09-16;20,9900
2011-09-06;19,9800
2011-08-23;19,6100
2011-08-17;20,5400
2011-08-08;19,9900
2011-08-03;21,6200
2011-07-29;22,4400
2011-07-15;22,8500
2011-07-14;22,8700
2011-07-05;22,9000
2011-07-04;22,8700
2011-06-29;22,4400
2011-06-22;22,2600
2011-06-17;22,0800
2011-05-31;23,1000
2011-05-26;23,0400
2011-05-25;23,0300
2011-05-24;22,9300
2011-05-19;23,1300
2011-05-13;23,2600
2011-05-11;23,3600
2011-05-09;23,2100
2011-05-06;23,1000
2011-05-04;22,5100
2011-04-27;22,8300
2011-04-21;22,8300
2011-04-13;22,6100
2011-04-12;22,5100
2011-04-11;22,8900
2011-04-07;23,0000
2011-04-05;23,1300
2011-04-01;23,2100
2011-03-21;22,5500
2011-03-15;22,1800
2011-02-16;24,3500
2011-02-11;24,1100
2011-02-09;23,8500
2011-02-02;23,5200
2011-01-31;23,2300
2011-01-26;23,4400
2011-01-21;23,4100
2011-01-20;23,3900
2011-01-12;24,2500
2011-01-05;23,4600
2010-12-30;23,4200
2010-12-13;23,0600
2010-12-08;22,8800
2010-12-02;22,7800
2010-11-02;21,3600
2010-10-26;21,4200
2010-10-21;21,3200
2010-10-08;21,0600
2010-10-07;20,9800
2010-10-06;21,0100
2010-09-30;20,9700
2010-09-24;21,2400
2010-09-21;21,5700
2010-09-17;21,4200
2010-09-16;21,3800
2010-09-10;21,6600
2010-09-07;21,4000
2010-08-23;20,8900
2010-08-13;20,8900
2010-08-11;20,8600
2010-08-06;20,8100
2010-08-03;21,1000
2010-07-28;20,9900
2010-07-21;20,6100
2010-07-16;20,3900
2010-07-06;20,1900
2010-06-30;20,6600
2010-06-29;20,7800
2010-06-17;21,6900
2010-06-04;21,3800
2010-06-03;21,5400
2010-05-21;20,5400
2010-05-19;21,2900
2010-05-18;21,8900
2010-05-13;22,1700
2010-05-11;21,5400
2010-05-07;21,1700
2010-05-04;21,9200
2010-04-26;22,2000
2010-04-13;21,6500
2010-03-25;21,5700
2010-03-23;21,2300
2010-03-19;21,0600
2010-02-19;20,1600
2010-02-12;19,3800
2010-02-05;19,1000
2010-01-28;19,2300
2010-01-26;19,4700
2010-01-21;19,8500
2010-01-18;19,9400
2010-01-14;19,9300
2010-01-06;19,8300
2009-12-21;19,3700
2009-12-04;18,7900
2009-12-03;18,6000
2009-11-27;18,3100
2009-11-23;18,6400
2009-11-19;18,4100
2009-11-12;18,5200
2009-11-02;17,8900
2009-10-28;17,9600
2009-10-23;18,3100
2009-10-09;18,4000
2009-10-07;18,0600
2009-09-23;18,5100
2009-09-10;18,1200
2009-09-02;17,6700
2009-08-26;18,1500
2009-08-24;18,1500
2009-08-20;17,7100
2009-08-17;17,4400
2009-08-13;17,8000
2009-07-29;17,2900
2009-07-20;16,5900
2009-07-16;16,3900
2009-07-08;15,7900
2009-07-02;16,0800
2009-06-30;16,4000
2009-06-22;16,3400
2009-06-11;16,7500
2009-06-10;16,6600
2009-06-02;16,6500
2009-05-21;16,1900
2009-05-14;15,9400
2009-05-11;16,4700
2009-05-07;16,7600
2009-05-06;16,5400
2009-04-27;15,6300
2009-04-22;15,3000
2009-04-21;15,3000
2009-04-17;15,7800
2009-04-15;15,3800
2009-04-08;14,8200
2009-03-31;14,1600
2009-03-20;13,8200
2009-03-19;13,7300
2009-03-17;13,8200
2009-03-12;13,3400
2009-03-09;12,8800
2009-03-05;13,2900
2009-02-26;14,2200
2009-02-25;13,9800
2009-02-10;15,7000
2009-02-05;15,2900
2009-01-28;15,3800
2009-01-23;14,8700
2009-01-14;15,1700
2009-01-12;16,0200
2010-01-26;19,47
2010-01-28;19,23
2010-02-05;19,10
2010-02-12;19,38
2010-02-19;20,16
2010-03-19;21,06
2010-03-23;21,23
2010-03-25;21,57
2010-04-13;21,65
2010-04-26;22,20
2010-05-04;21,92
2010-05-07;21,17
2010-05-11;21,54
2010-05-13;22,17
2010-05-18;21,89
2010-05-19;21,29
2010-05-21;20,54
2010-06-03;21,54
2010-06-04;21,38
2010-06-17;21,69
2010-06-29;20,78
2010-06-30;20,66
2010-07-06;20,19
2010-07-16;20,39
2010-07-21;20,61
2010-07-28;20,99
2010-08-03;21,10
2010-08-06;20,81
2010-08-11;20,86
2010-08-13;20,89
2010-08-23;20,89
2010-09-07;21,40
2010-09-10;21,66
2010-09-16;21,38
2010-09-17;21,42
2010-09-21;21,57
2010-09-24;21,24
2010-09-30;20,97
2010-10-06;21,01
2010-10-07;20,98
2010-10-08;21,06
2010-10-21;21,32
2010-10-26;21,42
2010-11-02;21,36
2010-12-02;22,78
2010-12-08;22,88
2010-12-13;23,06
2010-12-30;23,42
2011-01-05;23,46
2011-01-12;24,25
2011-01-20;23,39
2011-01-21;23,41
2011-01-26;23,44
2011-01-31;23,23
2011-02-02;23,52
2011-02-09;23,85
2011-02-11;24,11
2011-02-16;24,35
2011-03-15;22,18
2011-03-21;22,55
2011-04-01;23,21
2011-04-05;23,13
2011-04-07;23,00
2011-04-11;22,89
2011-04-12;22,51
2011-04-13;22,61
2011-04-21;22,83
2011-04-27;22,83
2011-05-04;22,51
2011-05-06;23,10
2011-05-09;23,21
2011-05-11;23,36
2011-05-13;23,26
2011-05-19;23,13
2011-05-24;22,93
2011-05-25;23,03
2011-05-26;23,04
2011-05-31;23,10
2011-06-17;22,08
2011-06-22;22,26
2011-06-29;22,44
2011-07-04;22,87
2011-07-05;22,90
2011-07-14;22,87
2011-07-15;22,85
2011-07-29;22,44
2011-08-03;21,62
2011-08-08;19,99
2011-08-17;20,54
2011-08-23;19,61
2011-09-06;19,98
2011-09-16;20,99
2011-09-21;20,76
2011-09-22;19,96
2011-09-23;19,96
2011-09-29;20,51
2011-09-30;20,48
2011-10-05;20,29
2011-10-06;20,64
2011-10-11;21,02
2011-10-14;21,09
2011-10-17;21,12
2011-10-19;21,24
2011-10-21;21,29
2011-10-24;21,52
2011-10-26;21,33
2011-10-27;21,75
2011-11-01;21,21
2011-11-07;21,56
2011-11-18;21,25
2011-12-01;21,78
2011-12-05;22,17
2011-12-16;21,83
2011-12-22;22,27
2012-01-03;23,04
2012-01-06;23,28
2012-01-18;23,57
2012-02-03;24,12
2012-02-06;24,09
2012-02-14;24,05
2012-02-15;24,31
2012-02-17;24,32
2012-02-23;24,14
2012-03-02;24,49
2012-03-07;24,06
2012-03-13;24,75
2012-03-19;24,94
2012-03-21;24,79
2012-03-23;24,52
2012-03-26;24,71
2012-04-05;24,64
2012-04-13;24,22
2012-04-19;24,33
2012-04-23;23,95
2012-04-24;24,08
2012-04-26;24,35
2012-04-30;24,37
2012-05-02;24,49
2012-05-04;24,08
2012-05-14;23,91
2012-05-15;23,89
2012-05-16;23,79
2012-05-18;23,23
2012-05-23;23,42
2012-05-24;23,73
2012-05-28;23,84
2012-06-06;23,72
2012-06-07;23,87
2012-06-08;23,82
2012-06-12;23,93
2012-06-19;24,31
2012-06-27;24,24
2012-06-28;24,12
2012-06-29;24,46
2012-07-06;25,03
2012-07-16;25,13
2012-07-25;24,87
2012-07-27;25,35
2012-08-20;26,27
2012-08-27;25,97
2012-09-03;25,71
2012-09-04;25,49
2012-09-12;25,75
2012-09-17;25,84
2012-09-18;25,85
2012-09-19;25,91
2012-09-21;26,03
2012-09-26;25,71
2012-09-28;25,68
2012-10-01;25,93
2012-10-17;25,80
2012-10-22;25,49
2012-10-30;25,42
2012-10-31;25,31
2012-11-08;25,42
2012-11-09;25,43
2012-11-29;25,65
2012-11-30;25,57
2012-12-10;25,93
2012-12-18;25,82
2012-12-20;25,85
2012-12-27;25,52
2013-01-09;26,57
2013-01-29;26,54
2013-02-06;26,37
2013-02-08;26,75
2013-02-12;26,67
2013-02-21;26,77
2013-02-22;27,01
2013-02-27;27,12
2013-03-01;27,44
2013-03-04;27,44
2013-03-05;27,81
2013-03-06;27,84
2013-03-07;27,76
2013-03-15;28,15
2013-04-02;28,61
2013-04-04;28,29
2013-04-16;27,95
2013-05-02;28,84
2013-05-03;29,06
2013-05-09;29,28
2013-05-10;29,54
2013-05-17;30,19
2013-05-31;29,36
2013-06-03;28,74
2013-06-04;29,01
2013-06-07;28,61
2013-06-10;28,66
2013-06-11;28,40
2013-06-13;28,05
2013-06-14;28,19
2013-07-03;28,43
2013-07-05;28,86
2013-07-08;29,16
2013-07-30;29,30
2013-08-05;29,70
2013-08-07;29,30
2013-08-08;29,27
2013-08-14;29,65
2013-08-29;28,93
2013-08-30;28,67
2013-09-02;29,09
2013-09-11;29,66
2013-09-12;29,65
2013-09-13;29,73
2013-09-17;29,82
2013-09-19;29,96
2013-09-20;29,85
2013-09-24;29,76
2013-09-26;29,72
2013-09-30;29,40
2013-10-21;30,14
2013-10-23;29,96
2013-10-29;30,29
2013-11-06;30,66
2013-11-13;30,65
2013-11-14;30,92
2013-12-12;29,89
2013-12-16;30,09
2013-12-18;30,04
2013-12-20;30,82
2014-01-09;31,32
2014-02-11;30,91
2014-02-18;31,27
2014-02-19;31,30
2014-02-25;31,52
2014-03-04;31,68
2014-03-10;31,29
2014-03-21;31,32
2014-03-26;31,32
2014-03-28;31,48
2014-04-08;31,26
2014-04-15;30,84
2014-04-22;31,74
2014-04-28;31,42
2014-05-02;31,71
2014-05-12;32,10
2014-05-30;32,82
2014-06-16;33,21
2014-06-17;33,32
2014-06-18;33,31
2014-06-19;33,49
2014-06-20;33,63
2014-06-23;33,51
2014-06-24;33,62
2014-06-25;33,28
2014-06-26;33,35
2014-06-27;33,34
2014-06-30;33,30
2014-07-01;33,58
2014-07-02;33,66
2014-07-03;33,90
2014-07-04;33,90
2014-07-07;33,71
2014-07-08;33,40
2014-07-09;33,44
2014-07-10;33,35
2014-07-11;33,37
2014-07-15;33,54
2014-07-16;33,81
2014-07-17;33,66
2014-07-23;34,11
2014-07-28;34,00
2014-07-29;34,05
2014-07-31;33,60
2014-08-04;33,20
2014-08-05;33,35
2014-08-06;33,25
2014-08-07;33,08
2014-08-11;33,36
2014-08-12;33,25
2014-08-13;33,53
2014-08-15;33,44
2014-08-18;33,87
2014-08-20;34,20
2014-08-29;34,83
2014-09-22;35,33
2014-10-15;32,56
2014-10-16;32,68
2014-10-17;33,36
2014-10-20;33,29
2014-10-21;34,02
2014-10-22;34,44
2014-10-23;34,55
2014-10-24;34,51
2014-10-27;34,37
2014-10-30;35,10
2014-10-31;35,86
2014-11-03;35,92
2014-11-04;35,43
2014-11-05;35,86
2014-11-06;36,06
2014-11-11;36,28
2014-11-14;36,16
2014-11-24;36,77
2014-11-25;36,72
2014-11-26;36,68
2014-11-28;36,82
2014-12-05;37,20
2014-12-08;37,05
2014-12-18;36,36
2014-12-29;37,44
2015-01-02;37,28
2015-01-27;39,44
2015-01-28;39,57
2015-01-30;39,23
2015-02-02;39,25
2015-02-03;39,24
2015-02-04;39,72
2015-02-05;39,86
2015-02-09;39,96
2015-02-10;40,10
2015-02-19;40,84
2015-02-20;40,90
2015-02-23;41,16
2015-02-25;41,28
2015-02-27;41,79
2015-03-04;41,94
2015-03-17;43,22
2015-04-02;42,64
2015-04-08;43,31
2015-04-21;43,93
2015-04-24;43,933
2015-05-04;42,655
2015-05-14;42,115
2015-05-15;41,933
2015-05-18;42,31
2015-05-19;43,065
2015-05-20;43,218
2015-05-21;43,31
2015-05-22;43,48
2015-05-26;43,528
2015-05-27;43,77
2015-05-28;43,608
2015-05-29;43,058
2015-06-01;43,285
2015-06-02;42,59
2015-06-03;42,32
2015-06-04;41,918
2015-06-08;41,643
2015-06-09;41,383
2015-06-10;41,838
2015-06-12;41,803
2015-06-19;41,788
2015-06-23;42,728
2015-06-26;42,493
2015-07-02;41,898
2015-07-06;41,698
2015-07-07;41,415
2015-07-09;41,61
2015-07-13;42,545
2015-07-14;42,83
2015-07-20;43,778
2015-08-03;42,87
2015-08-04;42,78
2015-08-25;38,05
2015-08-26;37,205
2015-08-27;39,17
2015-08-28;39,485
2015-08-31;39,248
2015-09-01;38,17
2015-09-02;38,128
2015-09-03;39,285
2015-09-04;38,278
2015-09-07;38,395
2015-09-08;38,75
2015-09-09;39,253
2015-09-11;38,18
2015-09-14;38,233
2015-09-15;38,653
2015-09-17;39,123
2015-09-18;38,39
2015-09-21;38,93
2015-09-25;38,305
2015-09-29;36,91
2015-09-30;37,785
2015-10-07;39,12
2015-10-08;39,273
2015-10-09;39,383
2015-10-12;39,378
2015-10-13;39,245
2015-10-14;38,685
2015-10-15;39,113
2015-10-16;39,628
2015-10-19;39,74
2015-10-20;39,60
2015-10-21;39,65
2015-10-22;40,535
2015-10-23;41,423
2015-10-26;41,335
2015-10-27;41,043
2015-10-28;41,368
2015-10-29;41,685
2015-10-30;41,498
2015-11-02;41,553
2015-11-03;42,01
2015-11-04;42,23
2015-11-05;42,50
2015-11-06;42,413
2015-11-09;41,92
2015-11-10;42,238
2015-11-11;42,27
2015-11-12;41,765
2015-11-13;41,408
2015-11-16;41,41
2015-11-17;42,453
2015-11-18;42,48
2015-11-19;42,408
2015-11-20;42,908
2015-11-23;43,01
2015-11-24;42,643
2015-11-25;42,973
2015-11-26;43,203
2015-11-27;43,053
2015-11-30;43,103
2015-12-01;43,10
2015-12-03;41,57
2015-12-04;41,583
2015-12-07;41,61
2015-12-08;41,173
2015-12-09;40,848
2015-12-10;40,848
2015-12-11;39,983
2015-12-14;39,328
2015-12-15;40,533
2015-12-16;40,653
2015-12-17;41,173
2015-12-18;40,618
2015-12-21;40,053
2015-12-22;40,24
2015-12-23;41,233
2015-12-28;40,66
2015-12-29;41,515
2015-12-30;41,37
2016-01-04;40,278
2016-01-05;40,825
2016-01-06;40,328
2016-01-07;39,323
2016-01-08;38,465
2016-01-11;38,298
2016-01-12;38,518
2016-01-13;38,808
2016-01-14;38,095
2016-01-15;37,16
2016-01-18;37,345
2016-01-19;37,633
2016-01-20;36,378
2016-01-21;37,353
2016-01-22;38,073
2016-01-25;37,938
2016-01-26;37,998
2016-01-27;38,158
2016-01-28;37,495
2016-01-29;38,538
2016-02-01;38,595
2016-02-02;38,053
2016-02-03;37,048
2016-02-04;37,128
2016-02-05;36,753
2016-02-08;35,703
2016-02-09;35,235
2016-02-10;35,765
2016-02-11;34,438
2016-02-12;35,605
2016-02-15;36,535
2016-02-16;36,473
2016-02-17;37,343
2016-02-18;37,423
2016-02-19;37,20
2016-02-22;38,035
2016-02-23;37,593
2016-02-24;36,968
2016-02-25;37,63
2016-02-26;38,408
2016-02-29;38,673
2016-03-02;39,34
2016-03-03;39,118
2016-03-04;39,428
2016-03-07;39,40
2016-03-08;38,938
2016-03-09;39,128
2016-03-10;38,295
2016-03-11;39,10
2016-03-14;39,508
2016-03-15;39,173
2016-03-16;39,328
2016-03-17;39,115
2016-03-18;39,343
2016-03-21;39,37
2016-03-22;39,518
2016-03-23;39,473
2016-03-24;39,01
2016-03-29;39,148
2016-03-30;39,393
2016-03-31;39,10
2016-04-04;38,938
2016-04-05;38,375
2016-04-06;38,60
2016-04-07;38,453
2016-04-08;38,643
2016-04-11;38,67
2016-04-12;39,00
2016-04-13;39,938
2016-04-14;40,163
2016-04-15;39,935
2016-04-19;40,313
2016-04-20;40,593
2016-04-21;40,543
2016-04-22;40,515
2016-04-25;40,278
2016-04-26;40,288
2016-04-27;40,278
2016-04-28;40,34
2016-04-29;39,14
2016-05-02;39,303
2016-05-03;38,833
2016-05-04;38,635
2016-05-05;39,023
2016-05-06;38,795
2016-05-09;39,008
2016-05-10;39,483
2016-05-11;39,315
2016-05-12;39,135
2016-05-13;39,493
2016-05-17;39,42
2016-05-18;39,56
2016-05-19;39,203
2016-05-20;39,79
2016-05-23;39,64
2016-05-24;40,303
2016-05-25;40,648
2016-05-26;40,618
2016-05-27;40,868
2016-05-30;40,943
2016-05-31;40,813
2016-06-01;40,553
2016-06-02;40,608
2016-06-06;40,315
2016-06-07;40,62
2016-06-08;40,468
2016-06-09;40,39
2016-06-10;40,105
2016-06-13;39,715
2016-06-15;39,575
2016-06-16;39,205
2016-06-17;39,405
2016-06-20;40,15
2016-06-21;40,253
2016-06-22;40,31
2016-06-23;40,495
2016-06-24;39,715
2016-06-27;38,77
2016-06-28;39,203
2016-06-29;39,988
2016-06-30;40,325
2016-07-01;40,568
2016-07-04;40,573
2016-07-05;40,30
2016-07-06;40,158
2016-07-07;40,465
2016-07-08;40,978
2016-07-11;41,46
2016-07-12;41,72
2016-07-13;41,478
2016-07-14;41,83
2016-07-15;41,863
2016-07-18;41,88
2016-07-19;41,985
2016-07-20;42,29
2016-07-21;42,218
2016-07-22;42,263
2016-07-25;42,193
2016-07-26;42,215
2016-07-27;42,24
2016-07-28;41,79
2016-07-29;41,915
2016-08-01;41,878
2016-08-02;41,265
2016-08-03;41,438
2016-08-04;41,793
2016-08-05;42,27
2016-08-08;42,325
2016-08-09;42,405
2016-08-10;42,088
2016-08-11;42,403
2016-08-12;42,32
2016-08-15;42,37
2016-08-16;41,90
2016-08-17;41,668
2016-08-18;41,778
2016-08-19;41,65
2016-08-22;41,635
2016-08-23;41,91
2016-08-24;42,048
2016-08-25;41,823
2016-08-26;42,013
2016-08-29;42,14
2016-08-30;42,168
2016-08-31;41,993
2016-09-01;41,89
2016-09-02;42,443
2016-09-05;42,498
2016-09-06;42,275
2016-09-07;42,34
2016-09-08;42,238
2016-09-09;41,853
2016-09-12;41,48
2016-09-13;41,065
2016-09-14;41,075
2016-09-15;41,403
2016-09-16;41,455
2016-09-19;41,755
2016-09-20;41,708
2016-09-21;41,925
2016-09-22;42,315
2016-09-23;42,188
2016-09-26;41,565
2016-09-27;41,87
2016-09-28;41,933
2016-09-29;42,013
2016-09-30;42,065
2016-10-04;42,26
2016-10-05;42,045
2016-10-06;41,963
2016-10-07;41,868
2016-10-10;42,23
2016-10-11;42,038
2016-10-12;42,143
2016-10-13;41,758
2016-10-14;42,22
2016-10-19;42,568
2016-10-20;42,588
2016-10-21;42,76
2016-10-24;42,898
2016-10-25;42,803
2016-10-26;42,66
2016-10-27;42,543
2016-10-28;42,465
2016-10-31;42,263
2016-11-01;41,658
2016-11-02;41,20
2016-11-03;41,123
2016-11-04;40,955
2016-11-07;41,735
2016-11-08;41,915
2016-11-09;42,585
2016-11-10;42,733
2016-11-11;42,76
2016-11-14;43,198
2016-11-15;43,338
2016-11-16;43,568
2016-11-17;43,84
2016-11-18;43,90
2016-11-21;44,088
2016-11-22;44,095
2016-11-23;44,333
2016-11-25;44,428
2016-11-28;44,368
2016-11-29;44,34
2016-11-30;44,525
2016-12-01;44,143
2016-12-02;43,948
2016-12-05;43,995
2016-12-06;44,025
2016-12-07;44,27
2016-12-08;45,23
2016-12-09;45,705
2016-12-12;45,558
2016-12-13;45,663
2016-12-14;45,505
2016-12-15;46,385
2016-12-16;46,16
2016-12-19;46,165
2016-12-20;46,49
2016-12-21;46,315
2016-12-22;46,085
2016-12-23;46,115
2016-12-27;46,205
2016-12-28;46,34
2016-12-29;45,813
2016-12-30;45,77
2017-01-02;46,00
2017-01-03;46,25
2017-01-04;46,39
2017-01-05;46,033
2017-01-06;46,30
2017-01-09;46,195
2017-01-10;46,225
2017-01-11;46,50
2017-01-12;45,725
2017-01-13;46,245
2017-01-16;46,10
2017-01-17;45,70
2017-01-18;45,793
2017-01-19;45,923
2017-01-20;45,875
2017-01-23;45,45
2017-01-24;45,615
2017-01-25;46,08
2017-01-26;46,46
2017-01-27;46,238
2017-01-30;45,82
2017-01-31;45,333
2017-02-01;45,718
2017-02-02;45,613
2017-02-03;45,938
2017-02-06;45,96
2017-02-07;46,168
2017-02-08;46,14
2017-02-09;46,565
2017-02-10;46,765
2017-02-13;47,203
2017-02-14;47,26
2017-02-15;47,455
2017-02-16;47,175
2017-02-17;47,325
2017-02-20;47,55
2017-02-21;47,94
2017-02-22;48,005
2017-02-23;47,855
2017-02-24;47,68
2017-02-27;47,605
2017-02-28;47,63
2017-03-01;48,335
2017-03-02;48,32
2017-03-03;48,09
2017-03-06;47,84
2017-03-07;47,855
2017-03-08;47,933
2017-03-09;47,785
2017-03-10;47,568
2017-03-13;47,675
2017-03-14;47,565
2017-03-15;47,85
2017-03-16;47,758
2017-03-17;47,743
2017-03-20;47,645
2017-03-21;47,055
2017-03-22;46,91
2017-03-23;47,253
2017-03-27;46,638
2017-03-28;47,008
2017-03-29;47,51
2017-03-30;47,79
2017-03-31;47,855
2017-04-03;47,705
2017-04-04;47,80
2017-04-05;47,975
2017-04-06;47,87
2017-04-07;47,955
2017-04-10;48,00
2017-04-11;47,803
2017-04-12;47,825
2017-04-13;47,80
2017-04-18;47,275
2017-04-19;47,40
2017-04-20;47,243
2017-04-21;47,543
2017-04-24;47,52
2017-04-25;47,49
2017-04-26;47,905
2017-04-27;47,725
2017-04-28;47,57
2017-05-02;47,72
2017-05-03;47,57
2017-05-04;47,625
2017-05-05;47,605
2017-05-08;47,898
2017-05-09;48,095
2017-05-10;48,168
2017-05-11;48,005
2017-05-12;47,885
2017-05-15;47,908
2017-05-16;47,58
2017-05-17;46,815
2017-05-18;46,77
2017-05-19;46,875
2017-05-22;46,855
2017-05-23;46,973
2017-05-25;47,218
2017-05-26;47,325
2017-05-29;47,355
2017-05-30;47,275
2017-05-31;46,998
2017-06-01;47,34
2017-06-02;47,448
2017-06-06;47,36
2017-06-07;47,375
2017-06-08;47,525
2017-06-09;47,788
2017-06-12;47,40
2017-06-13;47,605
2017-06-14;47,41
2017-06-15;47,56
2017-06-16;47,518
2017-06-19;48,013
2017-06-20;47,948
2017-06-21;47,753
2017-06-22;47,808
2017-06-23;47,608
2017-06-26;47,65
2017-06-27;47,26
2017-06-28;47,095
2017-06-29;46,55
2017-06-30;46,545
2017-07-03;47,025
2017-07-04;46,825
2017-07-05;46,90
2017-07-06;46,49
2017-07-07;46,56
2017-07-10;46,67
2017-07-11;46,395
2017-07-12;46,935
2017-07-13;47,12
2017-07-14;47,035
2017-07-17;47,115
2017-07-18;46,625
2017-07-19;47,07
2017-07-20;46,685
2017-07-21;46,55
2017-07-24;46,525
2017-07-25;46,715
2017-07-26;46,82
2017-07-27;46,79
2017-07-28;46,26
2017-07-31;46,18
2017-08-01;46,295
2017-08-02;46,03
2017-08-03;46,035
2017-08-04;46,55
2017-08-07;46,40
2017-08-08;46,675
2017-08-09;46,325
2017-08-10;46,015
2017-08-11;45,585
2017-08-14;46,09
2017-08-15;46,16
2017-08-16;46,465
2017-08-17;46,10
2017-08-18;45,74
2017-08-21;45,39
2017-08-22;45,90
2017-08-23;45,75
2017-08-24;45,65
2017-08-25;45,56
2017-08-28;45,175
2017-08-29;44,855
2017-08-30;45,38
2017-08-31;45,79
2017-09-01;46,025
2017-09-04;45,71
2017-09-05;45,65
2017-09-06;45,60
2017-09-07;45,43
2017-09-08;45,46
2017-09-11;46,045
2017-09-12;46,22
2017-09-13;46,45
2017-09-14;46,48
2017-09-15;46,25
2017-09-18;46,445
2017-09-19;46,40
2017-09-20;46,375
2017-09-21;46,505
2017-09-22;46,385
2017-09-25;46,685
2017-09-26;46,92
2017-09-27;47,07
2017-09-28;47,07
2017-09-29;47,12
2017-10-02;47,54
2017-10-03;47,54
2017-10-04;47,63
2017-10-05;47,89
2017-10-06;47,785
2017-10-09;47,81
2017-10-10;47,635
2017-10-11;47,60
2017-10-12;47,66
2017-10-13;47,73
2017-10-16;47,88
2017-10-17;48,015
2017-10-18;48,055
2017-10-19;47,715
2017-10-20;48,10
2017-10-23;48,29
2017-10-24;48,14
2017-10-25;47,715
2017-10-26;48,325
2017-10-27;48,96
2017-10-30;48,705
2017-10-31;48,705
2017-11-02;48,99
2017-11-03;49,11
2017-11-06;49,205
2017-11-07;49,295
2017-11-08;49,255
2017-11-09;48,85
2017-11-10;48,71
2017-11-13;48,605
2017-11-14;48,08
2017-11-15;47,815
2017-11-16;48,23
2017-11-17;48,08
2017-11-20;48,39
2017-11-21;48,71
2017-11-22;48,53
2017-11-23;48,34
2017-11-24;48,17
2017-11-27;48,14
2017-11-28;48,455
2017-11-29;48,665
2017-11-30;48,66
2017-12-01;48,205
2017-12-04;48,93
2017-12-05;48,92
2017-12-06;48,765
2017-12-07;48,86
2017-12-08;49,18
2017-12-11;49,175
2017-12-12;49,685
2017-12-13;49,568
2017-12-14;49,34
2017-12-15;49,47
2017-12-18;49,765
2017-12-19;49,565
2017-12-20;49,27
2017-12-21;49,46
2017-12-22;49,45
2017-12-27;49,415
2017-12-28;49,20
2017-12-29;49,26
2018-01-02;48,99
2018-01-03;49,398
2018-01-04;49,657
2018-01-05;49,994
2018-01-08;50,356
2018-01-09;50,738
2018-01-10;50,46
2018-01-11;50,282
2018-01-12;50,31
2018-01-15;50,06
2018-01-16;50,21
2018-01-17;50,198
2018-01-18;50,206
2018-01-19;50,336
2018-01-22;50,486
2018-01-23;50,762
2018-01-24;50,34
2018-01-25;49,997
2018-01-26;50,406
2018-01-29;50,628
2018-01-30;49,978
2018-01-31;49,789
2018-02-01;49,601
2018-02-02;49,13
2018-02-05;48,408
2018-02-06;46,803
2018-02-07;48,318
2018-02-08;47,359
2018-02-09;46,458
2018-02-12;47,15
2018-02-13;46,836
2018-02-14;47,181
2018-02-15;47,444
2018-02-16;48,269
2018-02-19;48,132
2018-02-20;48,426
2018-02-21;48,608
2018-02-22;48,393
2018-02-23;48,505
2018-02-26;48,981
2018-02-27;49,233
2018-02-28;48,925
2018-03-01;48,366
2018-03-02;47,162
2018-03-05;47,702
2018-03-06;47,684
2018-03-07;47,811
2018-03-08;48,293
2018-03-09;48,75
2018-03-12;49,017
2018-03-13;48,619
2018-03-14;48,414
2018-03-15;48,639
2018-03-16;48,764
2018-03-19;47,886
2018-03-20;48,287
2018-03-21;48,458
2018-03-22;47,58
2018-03-23;46,668
2018-03-26;46,113
2018-03-27;47,04
2018-03-28;46,598
2018-03-29;47,082
2018-04-03;46,649
2018-04-04;46,604
2018-04-05;47,994
2018-04-09;47,377
2018-04-10;47,60
2018-04-11;47,343
2018-04-12;47,698
2018-04-13;47,644
2018-04-16;47,613
2018-04-17;48,211
2018-04-18;48,261
2018-04-19;48,118
2018-04-20;48,095
2018-04-23;48,392
2018-04-24;48,26
2018-04-25;47,859
2018-04-26;48,521
2018-04-27;48,707
2018-04-30;48,957
2018-05-02;48,995
2018-05-03;48,365
2018-05-04;49,267
2018-05-07;49,651
2018-05-08;49,702
2018-05-09;49,911
2018-05-10;50,292
2018-05-11;50,336
2018-05-14;50,326
2018-05-15;50,33
2018-05-16;50,736
2018-05-17;50,928
2018-05-18;50,83
2018-05-21;50,83
2018-05-22;51,154
2018-05-23;50,932
2018-05-24;50,788
2018-05-25;51,118
2018-05-28;51,158
2018-05-29;50,926
2018-05-30;50,918
2018-06-01;51,054
2018-06-04;51,236
2018-06-05;51,22
2018-06-06;51,184
2018-06-07;51,13
2018-06-08;51,18
2018-06-11;51,416
2018-06-12;51,404
2018-06-13;51,58
2018-06-14;52,036
2018-06-15;51,716
2018-06-18;51,668
2018-06-19;51,453
2018-06-20;51,67
2018-06-21;51,294
2018-06-22;51,514
2018-06-25;50,26
2018-06-26;50,557
2018-06-27;51,027
2018-06-28;50,672
2018-06-29;50,90
2018-07-02;50,511
2018-07-03;50,76
2018-07-04;50,706
2018-07-05;50,61
2018-07-06;50,892
2018-07-09;51,296
2018-07-10;51,476
2018-07-11;51,174
2018-07-12;51,507
2018-07-13;51,81
2018-07-16;51,552
2018-07-17;51,698
2018-07-18;52,054
2018-07-19;52,09
2018-07-20;51,796
2018-07-23;51,716
2018-07-24;52,072
2018-07-25;52,144
2018-07-26;52,53
2018-07-27;52,506
2018-07-30;52,00
2018-07-31;52,132
2018-08-01;52,17
2018-08-02;52,248
2018-08-03;52,552
2018-08-06;52,786
2018-08-07;52,95
2018-08-08;52,868
2018-08-09;53,06
2018-08-10;53,164
2018-08-13;53,024
2018-08-14;53,27
2018-08-15;52,846
2018-08-16;53,112
2018-08-17;52,994
2018-08-20;53,154
2018-08-22;51,832
2018-08-23;51,668
2018-08-24;51,788
2018-08-27;52,028
2018-08-28;51,898
2018-08-29;52,182
2018-08-30;52,198
2018-08-31;52,134
2018-09-03;52,194
2018-09-04;52,078
2018-09-05;51,472
2018-09-06;51,324
2018-09-07;51,538
2018-09-10;51,53
2018-09-11;51,564
2018-09-12;51,626
2018-09-13;51,598
2018-09-24;51,904
2018-09-25;52,092
2018-09-26;52,186
2018-09-27;52,46
2018-09-28;52,51
2018-10-01;52,938
2018-10-02;52,752
2018-10-04;52,456
2018-10-05;52,138
2018-10-08;51,964
2018-10-09;52,108
2018-10-10;51,086
2018-10-11;49,546
2018-10-12;49,652
2018-10-15;49,741
2018-10-16;50,196
2018-10-17;50,374
2018-10-18;50,106
2018-10-19;50,262
2018-10-22;50,046
2018-10-23;49,053
2018-10-24;49,191
2018-10-25;49,284
2018-10-26;48,619
2018-10-29;48,91
2018-10-30;48,778
2018-10-31;49,886
2018-11-01;49,886
2018-11-02;49,806
2018-11-05;49,867
2018-11-06;50,026
2018-11-07;50,592
2018-11-08;50,988
2018-11-09;50,804
2018-11-12;50,452
2018-11-14;49,901
2018-11-15;49,686
2018-11-16;49,704
2018-11-19;49,165
2018-11-20;48,527
2018-11-21;48,926
2018-11-22;48,323
2018-11-23;48,801
2018-11-26;49,123
2018-11-27;49,434
2018-11-28;49,706
2018-11-29;49,961
2018-11-30;50,196
2018-12-04;50,49
2018-12-05;49,628
2018-12-06;48,205
2018-12-07;48,505
2018-12-10;47,588
2018-12-11;48,509
2018-12-12;48,929
2018-12-13;48,665
2018-12-14;48,39
2018-12-17;47,736
2018-12-18;47,176
2018-12-19;47,086
2018-12-20;45,817
2018-12-21;45,682
2018-12-27;45,009
2018-12-28;45,979
2019-01-02;46,323
2019-01-03;45,685
2019-01-04;46,641
2019-01-07;46,971
2019-01-08;47,153
2020-01-23;61,03
2020-01-24;61,272
