Datum;Erster;Hoch;Tief;Schlusskurs;Stuecke;Volumen
2020-01-23;67,5489;67,5489;67,5489;67,5489;;
2020-01-21;67,6326;67,6326;67,6326;67,6326;;
2020-01-17;67,803;67,803;67,803;67,803;;
2020-01-16;67,5404;67,5404;67,5404;67,5404;;
2020-01-15;67,1401;67,1401;67,1401;67,1401;;
2020-01-14;67,0355;67,0355;67,0355;67,0355;;
2020-01-10;66,7247;66,7247;66,7247;66,7247;;
2020-01-09;66,7869;66,7869;66,7869;66,7869;;
2020-01-08;66,4157;66,4157;66,4157;66,4157;;
2020-01-07;66,2874;66,2874;66,2874;66,2874;;
2020-01-06;66,342;66,342;66,342;66,342;;
2019-12-30;66,0117;66,0117;66,0117;66,0117;;
2019-12-27;66,3287;66,3287;66,3287;66,3287;;
2019-12-23;65,9168;65,9168;65,9168;65,9168;;
2019-12-20;65,8881;65,8881;65,8881;65,8881;;
2019-12-19;65,6277;65,6277;65,6277;65,6277;;
2019-12-18;65,4187;65,4187;65,4187;65,4187;;
2019-12-17;65,5119;65,5119;65,5119;65,5119;;
2019-12-16;65,5311;65,5311;65,5311;65,5311;;
2019-12-13;65,033;65,033;65,033;65,033;;
2019-12-12;64,7369;64,7369;64,7369;64,7369;;
2019-12-11;64,3301;64,3301;64,3301;64,3301;;
2019-12-10;64,1796;64,1796;64,1796;64,1796;;
2019-12-09;64,2596;64,2596;64,2596;64,2596;;
2019-12-06;64,3637;64,3637;64,3637;64,3637;;
2019-12-05;63,863;63,863;63,863;63,863;;
2019-12-04;63,7665;63,7665;63,7665;63,7665;;
2019-12-03;63,4166;63,4166;63,4166;63,4166;;
2019-12-02;63,7879;63,7879;63,7879;63,7879;;
2019-11-29;64,2294;64,2294;64,2294;64,2294;;
2019-11-27;64,5101;64,5101;64,5101;64,5101;;
2019-11-26;64,2849;64,2849;64,2849;64,2849;;
2019-11-25;64,1679;64,1679;64,1679;64,1679;;
2019-11-22;63,6944;63,6944;63,6944;63,6944;;
2019-11-21;63,5951;63,5951;63,5951;63,5951;;
2019-11-20;63,718;63,718;63,718;63,718;;
2019-11-19;63,9907;63,9907;63,9907;63,9907;;
2019-11-18;64,0139;64,0139;64,0139;64,0139;;
2019-11-15;63,9278;63,9278;63,9278;63,9278;;
2019-11-14;63,4324;63,4324;63,4324;63,4324;;
2019-11-13;63,4997;63,4997;63,4997;63,4997;;
2019-11-12;63,5461;63,5461;63,5461;63,5461;;
2019-11-08;63,4922;63,4922;63,4922;63,4922;;
2019-11-07;63,4266;63,4266;63,4266;63,4266;;
2019-11-06;63,2614;63,2614;63,2614;63,2614;;
2019-11-05;63,2003;63,2003;63,2003;63,2003;;
2019-10-31;62,4765;62,4765;62,4765;62,4765;;
2019-10-30;62,5769;62,5769;62,5769;62,5769;;
2019-10-29;62,4361;62,4361;62,4361;62,4361;;
2019-10-28;62,4064;62,4064;62,4064;62,4064;;
2019-10-25;62,1645;62,1645;62,1645;62,1645;;
2019-10-24;61,9646;61,9646;61,9646;61,9646;;
2019-10-23;61,7577;61,7577;61,7577;61,7577;;
2019-10-21;61,7841;61,7841;61,7841;61,7841;;
2019-10-18;61,3912;61,3912;61,3912;61,3912;;
2019-10-17;61,5748;61,5748;61,5748;61,5748;;
2019-10-16;61,3883;61,3883;61,3883;61,3883;;
2019-10-15;61,4217;61,4217;61,4217;61,4217;;
2019-10-11;60,9378;60,9378;60,9378;60,9378;;
2019-10-10;60,1189;60,1189;60,1189;60,1189;;
2019-10-09;59,7625;59,7625;59,7625;59,7625;;
2019-10-08;59,3767;59,3767;59,3767;59,3767;;
2019-10-07;60,1496;60,1496;60,1496;60,1496;;
2019-10-04;60,2048;60,2048;60,2048;60,2048;;
2019-10-02;59,2912;59,2912;59,2912;59,2912;;
2019-10-01;60,3242;60,3242;60,3242;60,3242;;
2019-09-30;60,9249;60,9249;60,9249;60,9249;;
2019-09-27;60,7971;60,7971;60,7971;60,7971;;
2019-09-26;60,9678;60,9678;60,9678;60,9678;;
2019-09-25;60,9957;60,9957;60,9957;60,9957;;
2019-09-24;60,9261;60,9261;60,9261;60,9261;;
2019-09-20;61,3541;61,3541;61,3541;61,3541;;
2019-09-19;61,5517;61,5517;61,5517;61,5517;;
2019-09-18;61,4473;61,4473;61,4473;61,4473;;
2019-09-17;61,4668;61,4668;61,4668;61,4668;;
2019-09-13;61,5776;61,5776;61,5776;61,5776;;
2019-09-12;61,4581;61,4581;61,4581;61,4581;;
2019-09-11;61,2466;61,2466;61,2466;61,2466;;
2019-09-10;60,8261;60,8261;60,8261;60,8261;;
2019-09-09;60,7953;60,7953;60,7953;60,7953;;
2019-09-06;60,8057;60,8057;60,8057;60,8057;;
2019-09-05;60,6746;60,6746;60,6746;60,6746;;
2019-09-04;59,9765;59,9765;59,9765;59,9765;;
2019-09-03;59,3355;59,3355;59,3355;59,3355;;
2019-08-30;59,653;59,653;59,653;59,653;;
2019-08-29;59,4959;59,4959;59,4959;59,4959;;
2019-08-28;58,8986;58,8986;58,8986;58,8986;;
2019-08-27;58,6991;58,6991;58,6991;58,6991;;
2019-08-26;58,7071;58,7071;58,7071;58,7071;;
2019-08-23;58,4078;58,4078;58,4078;58,4078;;
2019-08-22;59,439;59,439;59,439;59,439;;
2019-08-21;59,541;59,541;59,541;59,541;;
2019-08-20;59,0941;59,0941;59,0941;59,0941;;
2019-08-19;59,5409;59,5409;59,5409;59,5409;;
2019-08-16;58,8864;58,8864;58,8864;58,8864;;
2019-08-14;58,2424;58,2424;58,2424;58,2424;;
2019-08-13;59,5761;59,5761;59,5761;59,5761;;
2019-08-09;59,5932;59,5932;59,5932;59,5932;;
2019-08-08;59,91;59,91;59,91;59,91;;
2019-08-07;58,9639;58,9639;58,9639;58,9639;;
2019-08-06;58,8315;58,8315;58,8315;58,8315;;
2019-08-05;58,4981;58,4981;58,4981;58,4981;;
2019-08-02;59,9638;59,9638;59,9638;59,9638;;
2019-08-01;60,6077;60,6077;60,6077;60,6077;;
2019-07-31;61,0055;61,0055;61,0055;61,0055;;
2019-07-30;61,4451;61,4451;61,4451;61,4451;;
2019-07-29;61,6953;61,6953;61,6953;61,6953;;
2019-07-26;61,7881;61,7881;61,7881;61,7881;;
2019-07-25;61,5375;61,5375;61,5375;61,5375;;
2019-07-24;61,8374;61,8374;61,8374;61,8374;;
2019-07-23;61,6076;61,6076;61,6076;61,6076;;
2019-07-22;61,275;61,275;61,275;61,275;;
2019-07-19;61,1875;61,1875;61,1875;61,1875;;
2019-07-18;61,2919;61,2919;61,2919;61,2919;;
2019-07-17;61,2764;61,2764;61,2764;61,2764;;
2019-07-16;61,5589;61,5589;61,5589;61,5589;;
2019-07-12;61,6851;61,6851;61,6851;61,6851;;
2019-07-11;61,4792;61,4792;61,4792;61,4792;;
2019-07-10;61,3614;61,3614;61,3614;61,3614;;
2019-07-09;61,1521;61,1521;61,1521;61,1521;;
2019-07-08;61,1703;61,1703;61,1703;61,1703;;
2019-07-05;61,4743;61,4743;61,4743;61,4743;;
2019-07-03;61,6874;61,6874;61,6874;61,6874;;
2019-07-02;61,2679;61,2679;61,2679;61,2679;;
2019-07-01;61,0909;61,0909;61,0909;61,0909;;
2019-06-28;60,7032;60,7032;60,7032;60,7032;;
2019-06-27;60,3697;60,3697;60,3697;60,3697;;
2019-06-26;60,1157;60,1157;60,1157;60,1157;;
2019-06-25;60,2576;60,2576;60,2576;60,2576;;
2019-06-24;60,6587;60,6587;60,6587;60,6587;;
2019-06-21;60,6562;60,6562;60,6562;60,6562;;
2019-06-19;60,1892;60,1892;60,1892;60,1892;;
2019-06-18;59,8902;59,8902;59,8902;59,8902;;
2019-06-17;59,3287;59,3287;59,3287;59,3287;;
2019-06-14;59,3301;59,3301;59,3301;59,3301;;
2019-06-13;59,4934;59,4934;59,4934;59,4934;;
2019-06-12;59,4115;59,4115;59,4115;59,4115;;
2019-06-11;59,559;59,559;59,559;59,559;;
2019-06-07;59,196;59,196;59,196;59,196;;
2019-06-06;58,5611;58,5611;58,5611;58,5611;;
2019-06-05;58,3187;58,3187;58,3187;58,3187;;
2019-06-04;57,8048;57,8048;57,8048;57,8048;;
2019-06-03;56,8997;56,8997;56,8997;56,8997;;
2019-05-31;56,9304;56,9304;56,9304;56,9304;;
2019-05-29;57,4327;57,4327;57,4327;57,4327;;
2019-05-28;57,9761;57,9761;57,9761;57,9761;;
2019-05-24;58,2617;58,2617;58,2617;58,2617;;
2019-05-23;58,0456;58,0456;58,0456;58,0456;;
2019-05-22;58,7125;58,7125;58,7125;58,7125;;
2019-05-21;58,874;58,874;58,874;58,874;;
2019-05-20;58,5017;58,5017;58,5017;58,5017;;
2019-05-17;58,8161;58,8161;58,8161;58,8161;;
2019-05-16;59,0749;59,0749;59,0749;59,0749;;
2019-05-15;58,6142;58,6142;58,6142;58,6142;;
2019-05-14;58,2834;58,2834;58,2834;58,2834;;
2019-05-13;57,9337;57,9337;57,9337;57,9337;;
2019-05-10;59,032;59,032;59,032;59,032;;
2019-05-08;59,151;59,151;59,151;59,151;;
2019-05-07;59,2477;59,2477;59,2477;59,2477;;
2019-04-26;60,2571;60,2571;60,2571;60,2571;;
2019-04-25;60,0172;60,0172;60,0172;60,0172;;
2019-04-24;60,1044;60,1044;60,1044;60,1044;;
2019-04-23;60,2568;60,2568;60,2568;60,2568;;
2019-04-18;59,8542;59,8542;59,8542;59,8542;;
2019-04-17;59,8713;59,8713;59,8713;59,8713;;
2019-04-16;59,9274;59,9274;59,9274;59,9274;;
2019-04-15;59,8724;59,8724;59,8724;59,8724;;
2019-04-12;59,8136;59,8136;59,8136;59,8136;;
2019-04-11;59,4821;59,4821;59,4821;59,4821;;
2019-04-10;59,4867;59,4867;59,4867;59,4867;;
2019-04-09;59,3493;59,3493;59,3493;59,3493;;
2019-04-08;59,6079;59,6079;59,6079;59,6079;;
2019-04-05;59,5209;59,5209;59,5209;59,5209;;
2019-04-04;59,3197;59,3197;59,3197;59,3197;;
2019-04-03;59,313;59,313;59,313;59,313;;
2019-04-02;58,9993;58,9993;58,9993;58,9993;;
2019-04-01;58,9993;58,9993;58,9993;58,9993;;
2019-03-29;58,3312;58,3312;58,3312;58,3312;;
2019-03-28;57,9734;57,9734;57,9734;57,9734;;
2019-03-27;57,931;57,931;57,931;57,931;;
2019-03-26;58,1208;58,1208;58,1208;58,1208;;
2019-03-25;57,6898;57,6898;57,6898;57,6898;;
2019-03-22;57,9011;57,9011;57,9011;57,9011;;
2019-03-20;58,367;58,367;58,367;58,367;;
2019-03-19;58,5972;58,5972;58,5972;58,5972;;
2019-03-18;58,5255;58,5255;58,5255;58,5255;;
2019-03-15;58,2721;58,2721;58,2721;58,2721;;
2019-03-14;57,9236;57,9236;57,9236;57,9236;;
2019-03-13;57,8926;57,8926;57,8926;57,8926;;
2019-03-12;57,551;57,551;57,551;57,551;;
2019-03-11;57,3075;57,3075;57,3075;57,3075;;
2019-03-08;56,6568;56,6568;56,6568;56,6568;;
2019-03-07;56,9378;56,9378;56,9378;56,9378;;
2019-03-06;57,3784;57,3784;57,3784;57,3784;;
2019-03-05;57,6107;57,6107;57,6107;57,6107;;
2019-03-04;57,683;57,683;57,683;57,683;;
2019-03-01;57,8328;57,8328;57,8328;57,8328;;
2019-02-28;57,54;57,54;57,54;57,54;;
2019-02-27;57,6974;57,6974;57,6974;57,6974;;
2019-02-26;57,6805;57,6805;57,6805;57,6805;;
2019-02-25;57,6802;57,6802;57,6802;57,6802;;
2019-02-22;57,5424;57,5424;57,5424;57,5424;;
2019-02-21;57,2768;57,2768;57,2768;57,2768;;
2019-02-20;57,4359;57,4359;57,4359;57,4359;;
2019-02-19;57,2176;57,2176;57,2176;57,2176;;
2019-02-15;56,9578;56,9578;56,9578;56,9578;;
2019-02-14;56,4317;56,4317;56,4317;56,4317;;
2019-02-13;56,5553;56,5553;56,5553;56,5553;;
2019-02-12;56,3383;56,3383;56,3383;56,3383;;
2019-02-08;55,6591;55,6591;55,6591;55,6591;;
2019-02-07;55,8263;55,8263;55,8263;55,8263;;
2019-02-06;56,3783;56,3783;56,3783;56,3783;;
2019-02-05;56,4925;56,4925;56,4925;56,4925;;
2019-02-04;56,1177;56,1177;56,1177;56,1177;;
2019-02-01;55,8906;55,8906;55,8906;55,8906;;
2019-01-31;55,8583;55,8583;55,8583;55,8583;;
2019-01-30;55,3653;55,3653;55,3653;55,3653;;
2019-01-29;54,7723;54,7723;54,7723;54,7723;;
2019-01-28;54,7601;54,7601;54,7601;54,7601;;
2019-01-25;55,1087;55,1087;55,1087;55,1087;;
2019-01-24;54,595;54,595;54,595;54,595;;
2019-01-23;54,5092;54,5092;54,5092;54,5092;;
2019-01-22;54,4716;54,4716;54,4716;54,4716;;
2019-01-18;55,0722;55,0722;55,0722;55,0722;;
2019-01-17;54,3792;54,3792;54,3792;54,3792;;
2019-01-16;54,1252;54,1252;54,1252;54,1252;;
2019-01-15;54,0448;54,0448;54,0448;54,0448;;
2019-01-11;53,8623;53,8623;53,8623;53,8623;;
2019-01-10;53,8766;53,8766;53,8766;53,8766;;
2019-01-09;53,6843;53,6843;53,6843;53,6843;;
2019-01-08;53,2579;53,2579;53,2579;53,2579;;
2019-01-07;52,8161;52,8161;52,8161;52,8161;;
2019-01-04;52,3868;52,3868;52,3868;52,3868;;
2018-12-28;51,4578;51,4578;51,4578;51,4578;;
2018-12-27;51,218;51,218;51,218;51,218;;
2018-12-21;50,4487;50,4487;50,4487;50,4487;;
2018-12-20;51,2155;51,2155;51,2155;51,2155;;
2018-12-19;52,0349;52,0349;52,0349;52,0349;;
2018-12-18;52,4597;52,4597;52,4597;52,4597;;
2018-12-17;52,6241;52,6241;52,6241;52,6241;;
2018-12-14;53,3974;53,3974;53,3974;53,3974;;
2018-12-13;54,27;54,27;54,27;54,27;;
2018-12-12;54,3024;54,3024;54,3024;54,3024;;
2018-12-11;53,7183;53,7183;53,7183;53,7183;;
2018-12-10;53,6675;53,6675;53,6675;53,6675;;
2018-12-07;54,009;54,009;54,009;54,009;;
2018-12-06;54,707;54,707;54,707;54,707;;
2018-12-04;55,4144;55,4144;55,4144;55,4144;;
2018-12-03;56,7766;56,7766;56,7766;56,7766;;
2018-11-30;56,0824;56,0824;56,0824;56,0824;;
2018-11-29;55,90;55,90;55,90;55,90;;
2018-11-28;55,7523;55,7523;55,7523;55,7523;;
2018-11-27;54,9343;54,9343;54,9343;54,9343;;
2018-11-26;54,9081;54,9081;54,9081;54,9081;;
2018-11-21;54,5011;54,5011;54,5011;54,5011;;
2018-11-20;54,2836;54,2836;54,2836;54,2836;;
2018-11-19;55,1794;55,1794;55,1794;55,1794;;
2018-11-16;55,7858;55,7858;55,7858;55,7858;;
2018-11-15;55,6339;55,6339;55,6339;55,6339;;
2018-11-14;55,3127;55,3127;55,3127;55,3127;;
2018-11-13;55,6195;55,6195;55,6195;55,6195;;
2018-11-09;56,6153;56,6153;56,6153;56,6153;;
2018-11-08;57,141;57,141;57,141;57,141;;
2018-11-07;57,1747;57,1747;57,1747;57,1747;;
2018-11-06;56,2544;56,2544;56,2544;56,2544;;
2018-11-05;55,9713;55,9713;55,9713;55,9713;;
2018-11-02;55,8615;55,8615;55,8615;55,8615;;
2018-10-31;55,4528;55,4528;55,4528;55,4528;;
2018-10-30;54,7706;54,7706;54,7706;54,7706;;
2018-10-29;54,178;54,178;54,178;54,178;;
2018-10-26;54,3486;54,3486;54,3486;54,3486;;
2018-10-25;55,0154;55,0154;55,0154;55,0154;;
2018-10-24;54,5306;54,5306;54,5306;54,5306;;
2018-10-23;55,7704;55,7704;55,7704;55,7704;;
2018-10-22;56,3058;56,3058;56,3058;56,3058;;
2018-10-19;56,5487;56,5487;56,5487;56,5487;;
2018-10-18;56,6061;56,6061;56,6061;56,6061;;
2018-10-17;57,2889;57,2889;57,2889;57,2889;;
2018-10-16;57,3344;57,3344;57,3344;57,3344;;
2018-10-15;56,3442;56,3442;56,3442;56,3442;;
2018-10-12;56,5716;56,5716;56,5716;56,5716;;
2018-10-11;56,0623;56,0623;56,0623;56,0623;;
2018-10-10;57,2643;57,2643;57,2643;57,2643;;
2018-10-09;58,6169;58,6169;58,6169;58,6169;;
2018-10-05;58,9622;58,9622;58,9622;58,9622;;
2018-10-04;59,3457;59,3457;59,3457;59,3457;;
2018-10-02;59,8348;59,8348;59,8348;59,8348;;
2018-10-01;59,9588;59,9588;59,9588;59,9588;;
2018-09-28;59,8452;59,8452;59,8452;59,8452;;
2018-09-27;59,9712;59,9712;59,9712;59,9712;;
2018-09-26;59,9803;59,9803;59,9803;59,9803;;
2018-09-25;60,0786;60,0786;60,0786;60,0786;;
2018-09-21;60,2325;60,2325;60,2325;60,2325;;
2018-09-20;60,1135;60,1135;60,1135;60,1135;;
2018-09-19;59,6198;59,6198;59,6198;59,6198;;
2018-09-18;59,4688;59,4688;59,4688;59,4688;;
2018-09-14;59,3107;59,3107;59,3107;59,3107;;
2018-09-13;59,2003;59,2003;59,2003;59,2003;;
2018-09-12;58,9172;58,9172;58,9172;58,9172;;
2018-09-11;58,7791;58,7791;58,7791;58,7791;;
2018-09-10;58,6393;58,6393;58,6393;58,6393;;
2018-09-07;58,50;58,50;58,50;58,50;;
2018-09-06;58,6737;58,6737;58,6737;58,6737;;
2018-09-05;58,8969;58,8969;58,8969;58,8969;;
2018-09-04;59,1706;59,1706;59,1706;59,1706;;
2018-08-31;59,5046;59,5046;59,5046;59,5046;;
2018-08-30;59,6649;59,6649;59,6649;59,6649;;
2018-08-29;59,9106;59,9106;59,9106;59,9106;;
2018-08-28;59,6811;59,6811;59,6811;59,6811;;
2018-08-27;59,6103;59,6103;59,6103;59,6103;;
2018-08-24;59,1048;59,1048;59,1048;59,1048;;
2018-08-23;58,7657;58,7657;58,7657;58,7657;;
2018-08-22;58,9452;58,9452;58,9452;58,9452;;
2018-08-21;58,8293;58,8293;58,8293;58,8293;;
2018-08-20;58,7933;58,7933;58,7933;58,7933;;
2018-08-17;58,5945;58,5945;58,5945;58,5945;;
2018-08-16;58,3981;58,3981;58,3981;58,3981;;
2018-08-14;58,5382;58,5382;58,5382;58,5382;;
2018-08-13;58,2695;58,2695;58,2695;58,2695;;
2018-08-10;58,6081;58,6081;58,6081;58,6081;;
2018-08-09;59,2535;59,2535;59,2535;59,2535;;
2018-08-08;59,2955;59,2955;59,2955;59,2955;;
2018-08-07;59,3124;59,3124;59,3124;59,3124;;
2018-08-06;59,0517;59,0517;59,0517;59,0517;;
2018-08-03;58,9962;58,9962;58,9962;58,9962;;
2018-08-02;58,7775;58,7775;58,7775;58,7775;;
2018-08-01;58,8213;58,8213;58,8213;58,8213;;
2018-07-31;58,9234;58,9234;58,9234;58,9234;;
2018-07-30;58,7887;58,7887;58,7887;58,7887;;
2018-07-27;58,9998;58,9998;58,9998;58,9998;;
2018-07-26;59,1587;59,1587;59,1587;59,1587;;
2018-07-25;59,1518;59,1518;59,1518;59,1518;;
2018-07-24;58,8552;58,8552;58,8552;58,8552;;
2018-07-23;58,5379;58,5379;58,5379;58,5379;;
2018-07-20;58,5287;58,5287;58,5287;58,5287;;
2018-07-19;58,4089;58,4089;58,4089;58,4089;;
2018-07-18;58,6087;58,6087;58,6087;58,6087;;
2018-07-17;58,4965;58,4965;58,4965;58,4965;;
2018-07-13;58,397;58,397;58,397;58,397;;
2018-07-12;58,2889;58,2889;58,2889;58,2889;;
2018-07-11;57,9151;57,9151;57,9151;57,9151;;
2018-07-10;58,423;58,423;58,423;58,423;;
2018-07-09;58,2928;58,2928;58,2928;58,2928;;
2018-07-06;57,8094;57,8094;57,8094;57,8094;;
2018-07-05;57,3266;57,3266;57,3266;57,3266;;
2018-07-03;56,9332;56,9332;56,9332;56,9332;;
2018-07-02;56,9333;56,9333;56,9333;56,9333;;
2018-06-29;57,1292;57,1292;57,1292;57,1292;;
2018-06-28;56,8614;56,8614;56,8614;56,8614;;
2018-06-27;56,7599;56,7599;56,7599;56,7599;;
2018-06-26;57,0843;57,0843;57,0843;57,0843;;
2018-06-25;57,007;57,007;57,007;57,007;;
2018-06-22;57,8075;57,8075;57,8075;57,8075;;
2018-06-21;57,5613;57,5613;57,5613;57,5613;;
2018-06-20;57,8793;57,8793;57,8793;57,8793;;
2018-06-19;57,7059;57,7059;57,7059;57,7059;;
2018-06-18;58,0965;58,0965;58,0965;58,0965;;
2018-06-15;58,3223;58,3223;58,3223;58,3223;;
2018-06-14;58,5348;58,5348;58,5348;58,5348;;
2018-06-13;58,4743;58,4743;58,4743;58,4743;;
2018-06-12;58,6126;58,6126;58,6126;58,6126;;
2018-06-11;58,5804;58,5804;58,5804;58,5804;;
2018-06-08;58,4024;58,4024;58,4024;58,4024;;
2018-06-07;58,394;58,394;58,394;58,394;;
2018-06-06;58,3603;58,3603;58,3603;58,3603;;
2018-06-05;57,8842;57,8842;57,8842;57,8842;;
2018-06-04;57,949;57,949;57,949;57,949;;
2018-06-01;57,6006;57,6006;57,6006;57,6006;;
2018-05-30;57,339;57,339;57,339;57,339;;
2018-05-29;56,86;56,86;56,86;56,86;;
2018-05-25;57,6035;57,6035;57,6035;57,6035;;
2018-05-24;57,7863;57,7863;57,7863;57,7863;;
2018-05-23;57,9237;57,9237;57,9237;57,9237;;
2018-05-22;58,076;58,076;58,076;58,076;;
2018-05-18;57,8478;57,8478;57,8478;57,8478;;
2018-05-17;57,9629;57,9629;57,9629;57,9629;;
2018-05-16;57,8767;57,8767;57,8767;57,8767;;
2018-05-15;57,7874;57,7874;57,7874;57,7874;;
2018-05-14;58,2202;58,2202;58,2202;58,2202;;
2018-05-11;58,0989;58,0989;58,0989;58,0989;;
2018-05-09;57,4566;57,4566;57,4566;57,4566;;
2018-05-08;57,0491;57,0491;57,0491;57,0491;;
2018-05-07;57,0958;57,0958;57,0958;57,0958;;
2018-05-02;56,5141;56,5141;56,5141;56,5141;;
2018-04-27;57,0283;57,0283;57,0283;57,0283;;
2018-04-26;56,9226;56,9226;56,9226;56,9226;;
2018-04-25;56,4858;56,4858;56,4858;56,4858;;
2018-04-24;56,6071;56,6071;56,6071;56,6071;;
2018-04-23;57,0291;57,0291;57,0291;57,0291;;
2018-04-20;57,0936;57,0936;57,0936;57,0936;;
2018-04-19;57,5298;57,5298;57,5298;57,5298;;
2018-04-18;57,7311;57,7311;57,7311;57,7311;;
2018-04-17;57,5339;57,5339;57,5339;57,5339;;
2018-04-16;57,0802;57,0802;57,0802;57,0802;;
2018-04-13;56,7747;56,7747;56,7747;56,7747;;
2018-04-12;56,823;56,823;56,823;56,823;;
2018-04-11;56,5908;56,5908;56,5908;56,5908;;
2018-04-10;56,7927;56,7927;56,7927;56,7927;;
2018-04-09;56,0048;56,0048;56,0048;56,0048;;
2018-04-06;55,7673;55,7673;55,7673;55,7673;;
2018-04-05;56,5125;56,5125;56,5125;56,5125;;
2018-04-04;55,9778;55,9778;55,9778;55,9778;;
2018-04-03;55,6343;55,6343;55,6343;55,6343;;
2018-03-29;56,0837;56,0837;56,0837;56,0837;;
2018-03-28;55,5956;55,5956;55,5956;55,5956;;
2018-03-27;55,7614;55,7614;55,7614;55,7614;;
2018-03-26;56,1267;56,1267;56,1267;56,1267;;
2018-03-23;55,2412;55,2412;55,2412;55,2412;;
2018-03-22;56,2238;56,2238;56,2238;56,2238;;
2018-03-20;57,2416;57,2416;57,2416;57,2416;;
2018-03-19;57,2266;57,2266;57,2266;57,2266;;
2018-03-16;57,8639;57,8639;57,8639;57,8639;;
2018-03-15;57,8394;57,8394;57,8394;57,8394;;
2018-03-14;57,8611;57,8611;57,8611;57,8611;;
2018-03-13;58,1266;58,1266;58,1266;58,1266;;
2018-03-12;58,3861;58,3861;58,3861;58,3861;;
2018-03-09;58,2531;58,2531;58,2531;58,2531;;
2018-03-08;57,5976;57,5976;57,5976;57,5976;;
2018-03-07;57,3312;57,3312;57,3312;57,3312;;
2018-03-06;57,3769;57,3769;57,3769;57,3769;;
2018-03-05;57,0655;57,0655;57,0655;57,0655;;
2018-03-02;56,6103;56,6103;56,6103;56,6103;;
2018-03-01;56,6105;56,6105;56,6105;56,6105;;
2018-02-28;57,3592;57,3592;57,3592;57,3592;;
2018-02-27;57,9666;57,9666;57,9666;57,9666;;
2018-02-26;58,4779;58,4779;58,4779;58,4779;;
2018-02-23;57,9664;57,9664;57,9664;57,9664;;
2018-02-22;57,3212;57,3212;57,3212;57,3212;;
2018-02-21;57,3394;57,3394;57,3394;57,3394;;
2018-02-20;57,5433;57,5433;57,5433;57,5433;;
2018-02-16;57,8554;57,8554;57,8554;57,8554;;
2018-02-15;57,6642;57,6642;57,6642;57,6642;;
2018-02-14;56,9666;56,9666;56,9666;56,9666;;
2018-02-13;56,2736;56,2736;56,2736;56,2736;;
2018-02-09;55,4635;55,4635;55,4635;55,4635;;
2018-02-08;55,2969;55,2969;55,2969;55,2969;;
2018-02-07;56,8084;56,8084;56,8084;56,8084;;
2018-02-06;56,747;56,747;56,747;56,747;;
2018-02-05;56,8733;56,8733;56,8733;56,8733;;
2018-02-02;58,7077;58,7077;58,7077;58,7077;;
2018-02-01;59,8139;59,8139;59,8139;59,8139;;
2018-01-31;59,8236;59,8236;59,8236;59,8236;;
2018-01-30;59,8451;59,8451;59,8451;59,8451;;
2018-01-29;60,385;60,385;60,385;60,385;;
2018-01-26;60,7796;60,7796;60,7796;60,7796;;
2018-01-25;60,3853;60,3853;60,3853;60,3853;;
2018-01-24;60,3286;60,3286;60,3286;60,3286;;
2018-01-23;60,2637;60,2637;60,2637;60,2637;;
2018-01-22;60,0206;60,0206;60,0206;60,0206;;
2018-01-19;59,6502;59,6502;59,6502;59,6502;;
2018-01-18;59,3607;59,3607;59,3607;59,3607;;
2018-01-17;59,4435;59,4435;59,4435;59,4435;;
2018-01-16;59,1311;59,1311;59,1311;59,1311;;
2018-01-12;59,0459;59,0459;59,0459;59,0459;;
2018-01-11;58,6798;58,6798;58,6798;58,6798;;
2018-01-10;58,4211;58,4211;58,4211;58,4211;;
2018-01-09;58,4072;58,4072;58,4072;58,4072;;
2018-01-05;58,2583;58,2583;58,2583;58,2583;;
2018-01-04;57,8838;57,8838;57,8838;57,8838;;
2017-12-29;56,8143;56,8143;56,8143;56,8143;;
2017-12-28;56,9048;56,9048;56,9048;56,9048;;
2017-12-27;56,7927;56,7927;56,7927;56,7927;;
2017-12-22;56,6835;56,6835;56,6835;56,6835;;
2017-12-21;56,7146;56,7146;56,7146;56,7146;;
2017-12-20;56,5701;56,5701;56,5701;56,5701;;
2017-12-19;56,5904;56,5904;56,5904;56,5904;;
2017-12-18;56,7953;56,7953;56,7953;56,7953;;
2017-12-15;56,2926;56,2926;56,2926;56,2926;;
2017-12-14;56,0749;56,0749;56,0749;56,0749;;
2017-12-13;56,2535;56,2535;56,2535;56,2535;;
2017-12-12;56,227;56,227;56,227;56,227;;
2017-12-11;56,1653;56,1653;56,1653;56,1653;;
2017-12-08;55,9548;55,9548;55,9548;55,9548;;
2017-12-07;55,6834;55,6834;55,6834;55,6834;;
2017-12-06;55,5333;55,5333;55,5333;55,5333;;
2017-12-05;55,6785;55,6785;55,6785;55,6785;;
2017-12-04;55,8469;55,8469;55,8469;55,8469;;
2017-12-01;55,8283;55,8283;55,8283;55,8283;;
2017-11-30;56,0414;56,0414;56,0414;56,0414;;
2017-11-29;55,7313;55,7313;55,7313;55,7313;;
2017-11-28;55,7354;55,7354;55,7354;55,7354;;
2017-11-27;55,4427;55,4427;55,4427;55,4427;;
2017-11-24;55,5423;55,5423;55,5423;55,5423;;
2017-11-22;55,2793;55,2793;55,2793;55,2793;;
2017-11-21;55,1981;55,1981;55,1981;55,1981;;
2017-11-20;54,888;54,888;54,888;54,888;;
2017-11-17;54,8157;54,8157;54,8157;54,8157;;
2017-11-16;54,8853;54,8853;54,8853;54,8853;;
2017-11-15;54,4725;54,4725;54,4725;54,4725;;
2017-11-14;54,7531;54,7531;54,7531;54,7531;;
2017-11-13;54,8493;54,8493;54,8493;54,8493;;
2017-11-10;54,9644;54,9644;54,9644;54,9644;;
2017-11-09;55,0115;55,0115;55,0115;55,0115;;
2017-11-08;55,2209;55,2209;55,2209;55,2209;;
2017-11-07;55,1153;55,1153;55,1153;55,1153;;
2017-11-06;55,114;55,114;55,114;55,114;;
2017-11-02;55,0127;55,0127;55,0127;55,0127;;
2017-10-30;54,7706;54,7706;54,7706;54,7706;;
2017-10-27;54,7676;54,7676;54,7676;54,7676;;
2017-10-26;54,5259;54,5259;54,5259;54,5259;;
2017-10-25;54,4649;54,4649;54,4649;54,4649;;
2017-10-24;54,6998;54,6998;54,6998;54,6998;;
2017-10-23;54,6632;54,6632;54,6632;54,6632;;
2017-10-20;54,8102;54,8102;54,8102;54,8102;;
2017-10-19;54,7463;54,7463;54,7463;54,7463;;
2017-10-18;54,6665;54,6665;54,6665;54,6665;;
2017-10-17;54,5832;54,5832;54,5832;54,5832;;
2017-10-16;54,6501;54,6501;54,6501;54,6501;;
2017-10-13;54,5983;54,5983;54,5983;54,5983;;
2017-10-12;54,48;54,48;54,48;54,48;;
2017-10-11;54,4987;54,4987;54,4987;54,4987;;
2017-10-10;54,4178;54,4178;54,4178;54,4178;;
2017-10-06;54,2162;54,2162;54,2162;54,2162;;
2017-10-05;54,2633;54,2633;54,2633;54,2633;;
2017-10-04;54,1163;54,1163;54,1163;54,1163;;
2017-10-02;53,9446;53,9446;53,9446;53,9446;;
2017-09-29;53,8319;53,8319;53,8319;53,8319;;
2017-09-28;53,6197;53,6197;53,6197;53,6197;;
2017-09-27;53,5043;53,5043;53,5043;53,5043;;
2017-09-26;53,3541;53,3541;53,3541;53,3541;;
2017-09-25;53,5178;53,5178;53,5178;53,5178;;
2017-09-22;53,664;53,664;53,664;53,664;;
2017-09-21;53,549;53,549;53,549;53,549;;
2017-09-20;53,7724;53,7724;53,7724;53,7724;;
2017-09-19;53,7011;53,7011;53,7011;53,7011;;
2017-09-15;53,4727;53,4727;53,4727;53,4727;;
2017-09-14;53,354;53,354;53,354;53,354;;
2017-09-13;53,4348;53,4348;53,4348;53,4348;;
2017-09-12;53,4756;53,4756;53,4756;53,4756;;
2017-09-11;53,304;53,304;53,304;53,304;;
2017-09-08;52,8346;52,8346;52,8346;52,8346;;
2017-09-07;52,834;52,834;52,834;52,834;;
2017-09-06;52,6767;52,6767;52,6767;52,6767;;
2017-09-05;52,5542;52,5542;52,5542;52,5542;;
2017-09-01;52,8527;52,8527;52,8527;52,8527;;
2017-08-31;52,687;52,687;52,687;52,687;;
2017-08-30;52,3571;52,3571;52,3571;52,3571;;
2017-08-29;52,2836;52,2836;52,2836;52,2836;;
2017-08-28;52,3118;52,3118;52,3118;52,3118;;
2017-08-25;52,2642;52,2642;52,2642;52,2642;;
2017-08-24;52,1296;52,1296;52,1296;52,1296;;
2017-08-23;52,1942;52,1942;52,1942;52,1942;;
2017-08-22;52,2725;52,2725;52,2725;52,2725;;
2017-08-21;51,9211;51,9211;51,9211;51,9211;;
2017-08-18;51,8714;51,8714;51,8714;51,8714;;
2017-08-17;52,0315;52,0315;52,0315;52,0315;;
2017-08-16;52,502;52,502;52,502;52,502;;
2017-08-14;52,4423;52,4423;52,4423;52,4423;;
2017-08-11;52,0355;52,0355;52,0355;52,0355;;
2017-08-10;52,1102;52,1102;52,1102;52,1102;;
2017-08-09;52,6632;52,6632;52,6632;52,6632;;
2017-08-08;52,7931;52,7931;52,7931;52,7931;;
2017-08-07;52,9281;52,9281;52,9281;52,9281;;
2017-08-04;52,8167;52,8167;52,8167;52,8167;;
2017-08-03;52,8498;52,8498;52,8498;52,8498;;
2017-08-02;52,8809;52,8809;52,8809;52,8809;;
2017-08-01;52,8743;52,8743;52,8743;52,8743;;
2017-07-31;52,6224;52,6224;52,6224;52,6224;;
2017-07-28;52,5983;52,5983;52,5983;52,5983;;
2017-07-27;52,6769;52,6769;52,6769;52,6769;;
2017-07-26;52,626;52,626;52,626;52,626;;
2017-07-25;52,5931;52,5931;52,5931;52,5931;;
2017-07-24;52,4371;52,4371;52,4371;52,4371;;
2017-07-21;52,5415;52,5415;52,5415;52,5415;;
2017-07-20;52,6614;52,6614;52,6614;52,6614;;
2017-07-19;52,5239;52,5239;52,5239;52,5239;;
2017-07-18;52,2877;52,2877;52,2877;52,2877;;
2017-07-14;52,2343;52,2343;52,2343;52,2343;;
2017-07-13;51,9322;51,9322;51,9322;51,9322;;
2017-07-12;51,8234;51,8234;51,8234;51,8234;;
2017-07-11;51,3603;51,3603;51,3603;51,3603;;
2017-07-10;51,3987;51,3987;51,3987;51,3987;;
2017-07-07;51,2934;51,2934;51,2934;51,2934;;
2017-07-06;51,1811;51,1811;51,1811;51,1811;;
2017-07-05;51,4756;51,4756;51,4756;51,4756;;
2017-07-03;51,4801;51,4801;51,4801;51,4801;;
2017-06-30;51,3665;51,3665;51,3665;51,3665;;
2017-06-29;51,45;51,45;51,45;51,45;;
2017-06-28;51,7693;51,7693;51,7693;51,7693;;
2017-06-27;51,3791;51,3791;51,3791;51,3791;;
2017-06-26;51,6438;51,6438;51,6438;51,6438;;
2017-06-22;51,4845;51,4845;51,4845;51,4845;;
2017-06-21;51,4421;51,4421;51,4421;51,4421;;
2017-06-20;51,5319;51,5319;51,5319;51,5319;;
2017-06-19;51,9064;51,9064;51,9064;51,9064;;
2017-06-16;51,5499;51,5499;51,5499;51,5499;;
2017-06-14;51,7402;51,7402;51,7402;51,7402;;
2017-06-13;51,6896;51,6896;51,6896;51,6896;;
2017-06-12;51,4136;51,4136;51,4136;51,4136;;
2017-06-09;51,5205;51,5205;51,5205;51,5205;;
2017-06-08;51,5581;51,5581;51,5581;51,5581;;
2017-06-07;51,6289;51,6289;51,6289;51,6289;;
2017-06-06;51,5969;51,5969;51,5969;51,5969;;
2017-06-02;51,8392;51,8392;51,8392;51,8392;;
2017-06-01;51,5138;51,5138;51,5138;51,5138;;
2017-05-31;51,1997;51,1997;51,1997;51,1997;;
2017-05-30;51,1441;51,1441;51,1441;51,1441;;
2017-05-26;51,1963;51,1963;51,1963;51,1963;;
2017-05-24;51,0704;51,0704;51,0704;51,0704;;
2017-05-23;51,0369;51,0369;51,0369;51,0369;;
2017-05-22;50,988;50,988;50,988;50,988;;
2017-05-19;50,7094;50,7094;50,7094;50,7094;;
2017-05-18;50,3381;50,3381;50,3381;50,3381;;
2017-05-17;50,3691;50,3691;50,3691;50,3691;;
2017-05-16;50,9934;50,9934;50,9934;50,9934;;
2017-05-15;50,8522;50,8522;50,8522;50,8522;;
2017-05-12;50,6088;50,6088;50,6088;50,6088;;
2017-05-11;50,5573;50,5573;50,5573;50,5573;;
2017-05-10;50,6629;50,6629;50,6629;50,6629;;
2017-05-09;50,5845;50,5845;50,5845;50,5845;;
2017-05-08;50,6848;50,6848;50,6848;50,6848;;
2017-05-02;50,3525;50,3525;50,3525;50,3525;;
2017-04-28;50,1334;50,1334;50,1334;50,1334;;
2017-04-27;50,2017;50,2017;50,2017;50,2017;;
2017-04-26;50,2278;50,2278;50,2278;50,2278;;
2017-04-25;50,2146;50,2146;50,2146;50,2146;;
2017-04-24;49,9346;49,9346;49,9346;49,9346;;
2017-04-21;49,1417;49,1417;49,1417;49,1417;;
2017-04-20;49,2622;49,2622;49,2622;49,2622;;
2017-04-19;48,95;48,95;48,95;48,95;;
2017-04-18;49,0064;49,0064;49,0064;49,0064;;
2017-04-13;48,8912;48,8912;48,8912;48,8912;;
2017-04-12;49,1525;49,1525;49,1525;49,1525;;
2017-04-11;49,2831;49,2831;49,2831;49,2831;;
2017-04-10;49,2504;49,2504;49,2504;49,2504;;
2017-04-07;49,2078;49,2078;49,2078;49,2078;;
2017-04-06;49,2363;49,2363;49,2363;49,2363;;
2017-04-05;49,2061;49,2061;49,2061;49,2061;;
2017-04-04;49,3095;49,3095;49,3095;49,3095;;
2017-04-03;49,2784;49,2784;49,2784;49,2784;;
2017-03-31;49,4027;49,4027;49,4027;49,4027;;
2017-03-30;49,5645;49,5645;49,5645;49,5645;;
2017-03-29;49,4711;49,4711;49,4711;49,4711;;
2017-03-28;49,4861;49,4861;49,4861;49,4861;;
2017-03-27;49,1201;49,1201;49,1201;49,1201;;
2017-03-24;49,1368;49,1368;49,1368;49,1368;;
2017-03-23;49,1127;49,1127;49,1127;49,1127;;
2017-03-22;49,0495;49,0495;49,0495;49,0495;;
2017-03-21;49,1485;49,1485;49,1485;49,1485;;
2017-03-17;49,5885;49,5885;49,5885;49,5885;;
2017-03-16;49,613;49,613;49,613;49,613;;
2017-03-15;49,3374;49,3374;49,3374;49,3374;;
2017-03-14;49,0381;49,0381;49,0381;49,0381;;
2017-03-13;49,2246;49,2246;49,2246;49,2246;;
2017-03-10;49,1064;49,1064;49,1064;49,1064;;
2017-03-09;48,8406;48,8406;48,8406;48,8406;;
2017-03-08;48,8043;48,8043;48,8043;48,8043;;
2017-03-07;48,9527;48,9527;48,9527;48,9527;;
2017-03-06;49,0871;49,0871;49,0871;49,0871;;
2017-03-03;49,1734;49,1734;49,1734;49,1734;;
2017-03-02;49,1688;49,1688;49,1688;49,1688;;
2017-03-01;49,3588;49,3588;49,3588;49,3588;;
2017-02-28;48,8838;48,8838;48,8838;48,8838;;
2017-02-27;48,9584;48,9584;48,9584;48,9584;;
2017-02-24;48,9347;48,9347;48,9347;48,9347;;
2017-02-23;49,0488;49,0488;49,0488;49,0488;;
2017-02-22;48,9546;48,9546;48,9546;48,9546;;
2017-02-21;48,9664;48,9664;48,9664;48,9664;;
2017-02-17;48,7911;48,7911;48,7911;48,7911;;
2017-02-16;48,7919;48,7919;48,7919;48,7919;;
2017-02-15;48,698;48,698;48,698;48,698;;
2017-02-14;48,4304;48,4304;48,4304;48,4304;;
2017-02-13;48,4168;48,4168;48,4168;48,4168;;
2017-02-10;48,1811;48,1811;48,1811;48,1811;;
2017-02-09;47,9898;47,9898;47,9898;47,9898;;
2017-02-08;47,8448;47,8448;47,8448;47,8448;;
2017-02-07;47,7058;47,7058;47,7058;47,7058;;
2017-02-06;47,7286;47,7286;47,7286;47,7286;;
2017-02-03;47,9222;47,9222;47,9222;47,9222;;
2017-02-02;47,6445;47,6445;47,6445;47,6445;;
2017-02-01;47,5942;47,5942;47,5942;47,5942;;
2017-01-31;47,5631;47,5631;47,5631;47,5631;;
2017-01-30;47,5541;47,5541;47,5541;47,5541;;
2017-01-27;47,8526;47,8526;47,8526;47,8526;;
2017-01-26;47,8607;47,8607;47,8607;47,8607;;
2017-01-25;47,9152;47,9152;47,9152;47,9152;;
2017-01-24;47,511;47,511;47,511;47,511;;
2017-01-23;47,2677;47,2677;47,2677;47,2677;;
2017-01-20;47,3011;47,3011;47,3011;47,3011;;
2017-01-19;47,1232;47,1232;47,1232;47,1232;;
2017-01-18;47,3786;47,3786;47,3786;47,3786;;
2017-01-17;47,3001;47,3001;47,3001;47,3001;;
2017-01-13;47,4436;47,4436;47,4436;47,4436;;
2017-01-12;47,3166;47,3166;47,3166;47,3166;;
2017-01-11;47,1766;47,1766;47,1766;47,1766;;
2017-01-10;47,2134;47,2134;47,2134;47,2134;;
2017-01-06;47,3057;47,3057;47,3057;47,3057;;
2017-01-05;47,2811;47,2811;47,2811;47,2811;;
2017-01-04;47,0557;47,0557;47,0557;47,0557;;
2016-12-30;46,4481;46,4481;46,4481;46,4481;;
2016-12-29;46,4934;46,4934;46,4934;46,4934;;
2016-12-28;46,4229;46,4229;46,4229;46,4229;;
2016-12-27;46,6801;46,6801;46,6801;46,6801;;
2016-12-22;46,607;46,607;46,607;46,607;;
2016-12-21;46,6638;46,6638;46,6638;46,6638;;
2016-12-20;46,6967;46,6967;46,6967;46,6967;;
2016-12-19;46,6244;46,6244;46,6244;46,6244;;
2016-12-16;46,5148;46,5148;46,5148;46,5148;;
2016-12-15;46,5085;46,5085;46,5085;46,5085;;
2016-12-14;46,7517;46,7517;46,7517;46,7517;;
2016-12-13;47,0231;47,0231;47,0231;47,0231;;
2016-12-12;46,6541;46,6541;46,6541;46,6541;;
2016-12-09;46,6503;46,6503;46,6503;46,6503;;
2016-12-08;46,4602;46,4602;46,4602;46,4602;;
2016-12-07;46,3613;46,3613;46,3613;46,3613;;
2016-12-06;45,7866;45,7866;45,7866;45,7866;;
2016-12-05;45,5281;45,5281;45,5281;45,5281;;
2016-12-02;45,2831;45,2831;45,2831;45,2831;;
2016-12-01;45,2752;45,2752;45,2752;45,2752;;
2016-11-30;45,3653;45,3653;45,3653;45,3653;;
2016-11-29;45,4485;45,4485;45,4485;45,4485;;
2016-11-28;45,378;45,378;45,378;45,378;;
2016-11-25;45,5831;45,5831;45,5831;45,5831;;
2016-11-22;45,3726;45,3726;45,3726;45,3726;;
2016-11-21;45,3026;45,3026;45,3026;45,3026;;
2016-11-18;44,9541;44,9541;44,9541;44,9541;;
2016-11-17;45,2063;45,2063;45,2063;45,2063;;
2016-11-16;44,9773;44,9773;44,9773;44,9773;;
2016-11-15;45,0616;45,0616;45,0616;45,0616;;
2016-11-14;44,8029;44,8029;44,8029;44,8029;;
2016-11-10;45,0312;45,0312;45,0312;45,0312;;
2016-11-09;44,8938;44,8938;44,8938;44,8938;;
2016-11-08;44,7676;44,7676;44,7676;44,7676;;
2016-11-07;44,5947;44,5947;44,5947;44,5947;;
2016-11-04;43,9202;43,9202;43,9202;43,9202;;
2016-11-02;44,2452;44,2452;44,2452;44,2452;;
2016-10-31;44,7212;44,7212;44,7212;44,7212;;
2016-10-28;44,7219;44,7219;44,7219;44,7219;;
2016-10-27;44,8179;44,8179;44,8179;44,8179;;
2016-10-26;44,9534;44,9534;44,9534;44,9534;;
2016-10-25;44,9872;44,9872;44,9872;44,9872;;
2016-10-24;45,1203;45,1203;45,1203;45,1203;;
2016-10-21;44,9851;44,9851;44,9851;44,9851;;
2016-10-20;45,0615;45,0615;45,0615;45,0615;;
2016-10-19;45,1286;45,1286;45,1286;45,1286;;
2016-10-18;44,9764;44,9764;44,9764;44,9764;;
2016-10-17;44,6261;44,6261;44,6261;44,6261;;
2016-10-14;44,7816;44,7816;44,7816;44,7816;;
2016-10-13;44,6737;44,6737;44,6737;44,6737;;
2016-10-12;44,8295;44,8295;44,8295;44,8295;;
2016-10-11;44,9538;44,9538;44,9538;44,9538;;
2016-10-07;45,2737;45,2737;45,2737;45,2737;;
2016-10-06;45,432;45,432;45,432;45,432;;
2016-10-05;45,5021;45,5021;45,5021;45,5021;;
2016-10-04;45,4053;45,4053;45,4053;45,4053;;
2016-09-30;45,6089;45,6089;45,6089;45,6089;;
2016-09-29;45,4524;45,4524;45,4524;45,4524;;
2016-09-28;45,6066;45,6066;45,6066;45,6066;;
2016-09-27;45,4171;45,4171;45,4171;45,4171;;
2016-09-26;45,2819;45,2819;45,2819;45,2819;;
2016-09-23;45,6724;45,6724;45,6724;45,6724;;
2016-09-21;45,4582;45,4582;45,4582;45,4582;;
2016-09-20;44,9696;44,9696;44,9696;44,9696;;
2016-09-16;44,7842;44,7842;44,7842;44,7842;;
2016-09-15;45,0094;45,0094;45,0094;45,0094;;
2016-09-14;44,681;44,681;44,681;44,681;;
2016-09-13;44,7401;44,7401;44,7401;44,7401;;
2016-09-12;45,2851;45,2851;45,2851;45,2851;;
2016-09-09;45,0781;45,0781;45,0781;45,0781;;
2016-09-08;46,041;46,041;46,041;46,041;;
2016-09-07;46,1186;46,1186;46,1186;46,1186;;
2016-09-06;46,0713;46,0713;46,0713;46,0713;;
2016-09-02;45,7714;45,7714;45,7714;45,7714;;
2016-09-01;45,4783;45,4783;45,4783;45,4783;;
2016-08-31;45,37;45,37;45,37;45,37;;
2016-08-30;45,4747;45,4747;45,4747;45,4747;;
2016-08-29;45,5219;45,5219;45,5219;45,5219;;
2016-08-26;45,5295;45,5295;45,5295;45,5295;;
2016-08-25;45,5609;45,5609;45,5609;45,5609;;
2016-08-24;45,6613;45,6613;45,6613;45,6613;;
2016-08-23;45,8537;45,8537;45,8537;45,8537;;
2016-08-22;45,696;45,696;45,696;45,696;;
2016-08-19;45,6752;45,6752;45,6752;45,6752;;
2016-08-18;45,8035;45,8035;45,8035;45,8035;;
2016-08-17;45,6625;45,6625;45,6625;45,6625;;
2016-08-16;45,6345;45,6345;45,6345;45,6345;;
2016-08-12;45,763;45,763;45,763;45,763;;
2016-08-10;45,5125;45,5125;45,5125;45,5125;;
2016-08-09;45,5319;45,5319;45,5319;45,5319;;
2016-08-08;45,3045;45,3045;45,3045;45,3045;;
2016-08-05;45,216;45,216;45,216;45,216;;
2016-08-04;44,9786;44,9786;44,9786;44,9786;;
2016-08-03;44,8565;44,8565;44,8565;44,8565;;
2016-08-02;44,9311;44,9311;44,9311;44,9311;;
2016-08-01;45,2227;45,2227;45,2227;45,2227;;
2016-07-29;45,3316;45,3316;45,3316;45,3316;;
2016-07-28;44,9577;44,9577;44,9577;44,9577;;
2016-07-27;44,9221;44,9221;44,9221;44,9221;;
2016-07-26;44,91;44,91;44,91;44,91;;
2016-07-25;44,8553;44,8553;44,8553;44,8553;;
2016-07-22;44,9354;44,9354;44,9354;44,9354;;
2016-07-21;44,8935;44,8935;44,8935;44,8935;;
2016-07-20;44,9437;44,9437;44,9437;44,9437;;
2016-07-19;44,7153;44,7153;44,7153;44,7153;;
2016-07-15;44,763;44,763;44,763;44,763;;
2016-07-14;44,8332;44,8332;44,8332;44,8332;;
2016-07-13;44,60;44,60;44,60;44,60;;
2016-07-12;44,5012;44,5012;44,5012;44,5012;;
2016-07-11;44,1185;44,1185;44,1185;44,1185;;
2016-07-08;43,7523;43,7523;43,7523;43,7523;;
2016-07-07;43,2683;43,2683;43,2683;43,2683;;
2016-07-06;43,1823;43,1823;43,1823;43,1823;;
2016-07-05;43,3006;43,3006;43,3006;43,3006;;
2016-07-01;43,6852;43,6852;43,6852;43,6852;;
2016-06-30;43,4963;43,4963;43,4963;43,4963;;
2016-06-29;42,9989;42,9989;42,9989;42,9989;;
2016-06-28;42,0666;42,0666;42,0666;42,0666;;
2016-06-27;41,3363;41,3363;41,3363;41,3363;;
2016-06-24;42,3099;42,3099;42,3099;42,3099;;
2016-06-22;43,8628;43,8628;43,8628;43,8628;;
2016-06-21;43,8853;43,8853;43,8853;43,8853;;
2016-06-20;43,7604;43,7604;43,7604;43,7604;;
2016-06-17;43,0123;43,0123;43,0123;43,0123;;
2016-06-16;42,8094;42,8094;42,8094;42,8094;;
2016-06-15;42,9543;42,9543;42,9543;42,9543;;
2016-06-14;42,8643;42,8643;42,8643;42,8643;;
2016-06-13;43,2623;43,2623;43,2623;43,2623;;
2016-06-10;43,7706;43,7706;43,7706;43,7706;;
2016-06-09;44,3862;44,3862;44,3862;44,3862;;
2016-06-08;44,6587;44,6587;44,6587;44,6587;;
2016-06-07;44,5225;44,5225;44,5225;44,5225;;
2016-06-06;44,3138;44,3138;44,3138;44,3138;;
2016-06-03;44,1052;44,1052;44,1052;44,1052;;
2016-06-02;43,9784;43,9784;43,9784;43,9784;;
2016-06-01;43,9457;43,9457;43,9457;43,9457;;
2016-05-31;43,9879;43,9879;43,9879;43,9879;;
2016-05-27;44,0228;44,0228;44,0228;44,0228;;
2016-05-25;43,8219;43,8219;43,8219;43,8219;;
2016-05-24;43,4374;43,4374;43,4374;43,4374;;
2016-05-23;42,9439;42,9439;42,9439;42,9439;;
2016-05-20;43,0457;43,0457;43,0457;43,0457;;
2016-05-19;42,721;42,721;42,721;42,721;;
2016-05-18;43,0646;43,0646;43,0646;43,0646;;
2016-05-17;43,0725;43,0725;43,0725;43,0725;;
2016-05-13;42,9039;42,9039;42,9039;42,9039;;
2016-05-12;43,2641;43,2641;43,2641;43,2641;;
2016-05-11;43,3394;43,3394;43,3394;43,3394;;
2016-05-10;43,5622;43,5622;43,5622;43,5622;;
2016-05-09;43,0457;43,0457;43,0457;43,0457;;
2016-05-06;43,0488;43,0488;43,0488;43,0488;;
2016-05-02;43,8662;43,8662;43,8662;43,8662;;
2016-04-28;43,8983;43,8983;43,8983;43,8983;;
2016-04-27;44,1109;44,1109;44,1109;44,1109;;
2016-04-26;44,0977;44,0977;44,0977;44,0977;;
2016-04-25;44,0146;44,0146;44,0146;44,0146;;
2016-04-22;44,1043;44,1043;44,1043;44,1043;;
2016-04-21;44,2138;44,2138;44,2138;44,2138;;
2016-04-20;44,3295;44,3295;44,3295;44,3295;;
2016-04-19;44,2724;44,2724;44,2724;44,2724;;
2016-04-18;43,8116;43,8116;43,8116;43,8116;;
2016-04-15;43,6839;43,6839;43,6839;43,6839;;
2016-04-14;43,7215;43,7215;43,7215;43,7215;;
2016-04-13;43,5648;43,5648;43,5648;43,5648;;
2016-04-12;42,9863;42,9863;42,9863;42,9863;;
2016-04-11;42,6698;42,6698;42,6698;42,6698;;
2016-04-08;42,6652;42,6652;42,6652;42,6652;;
2016-04-07;42,3878;42,3878;42,3878;42,3878;;
2016-04-06;42,6839;42,6839;42,6839;42,6839;;
2016-04-05;42,2858;42,2858;42,2858;42,2858;;
2016-04-04;42,8655;42,8655;42,8655;42,8655;;
2016-04-01;42,8457;42,8457;42,8457;42,8457;;
2016-03-31;43,0483;43,0483;43,0483;43,0483;;
2016-03-30;43,1713;43,1713;43,1713;43,1713;;
2016-03-29;42,7247;42,7247;42,7247;42,7247;;
2016-03-24;42,3322;42,3322;42,3322;42,3322;;
2016-03-23;42,5659;42,5659;42,5659;42,5659;;
2016-03-22;42,884;42,884;42,884;42,884;;
2016-03-18;42,9287;42,9287;42,9287;42,9287;;
2016-03-17;42,8583;42,8583;42,8583;42,8583;;
2016-03-16;42,2909;42,2909;42,2909;42,2909;;
2016-03-15;42,2281;42,2281;42,2281;42,2281;;
2016-03-14;42,4453;42,4453;42,4453;42,4453;;
2016-03-11;42,4098;42,4098;42,4098;42,4098;;
2016-03-10;41,6458;41,6458;41,6458;41,6458;;
2016-03-09;41,6761;41,6761;41,6761;41,6761;;
2016-03-08;41,5472;41,5472;41,5472;41,5472;;
2016-03-07;41,9071;41,9071;41,9071;41,9071;;
2016-03-04;41,915;41,915;41,915;41,915;;
2016-03-03;41,6606;41,6606;41,6606;41,6606;;
2016-03-02;41,3814;41,3814;41,3814;41,3814;;
2016-03-01;41,0444;41,0444;41,0444;41,0444;;
2016-02-29;40,3109;40,3109;40,3109;40,3109;;
2016-02-26;40,4967;40,4967;40,4967;40,4967;;
2016-02-25;40,4794;40,4794;40,4794;40,4794;;
2016-02-24;39,9653;39,9653;39,9653;39,9653;;
2016-02-23;40,1197;40,1197;40,1197;40,1197;;
2016-02-22;40,569;40,569;40,569;40,569;;
2016-02-19;40,0506;40,0506;40,0506;40,0506;;
2016-02-18;40,1869;40,1869;40,1869;40,1869;;
2016-02-17;40,1949;40,1949;40,1949;40,1949;;
2016-02-16;39,557;39,557;39,557;39,557;;
2016-02-12;38,6752;38,6752;38,6752;38,6752;;
2016-02-10;38,6744;38,6744;38,6744;38,6744;;
2016-02-09;38,7149;38,7149;38,7149;38,7149;;
2016-02-08;38,9719;38,9719;38,9719;38,9719;;
2016-02-05;39,6283;39,6283;39,6283;39,6283;;
2016-02-04;40,2774;40,2774;40,2774;40,2774;;
2016-02-03;40,0633;40,0633;40,0633;40,0633;;
2016-02-02;40,0074;40,0074;40,0074;40,0074;;
2016-02-01;40,725;40,725;40,725;40,725;;
2016-01-29;40,6076;40,6076;40,6076;40,6076;;
2016-01-28;39,8408;39,8408;39,8408;39,8408;;
2016-01-27;39,8046;39,8046;39,8046;39,8046;;
2016-01-26;39,9124;39,9124;39,9124;39,9124;;
2016-01-25;39,5327;39,5327;39,5327;39,5327;;
2016-01-22;39,9396;39,9396;39,9396;39,9396;;
2016-01-21;38,9273;38,9273;38,9273;38,9273;;
2016-01-20;38,7661;38,7661;38,7661;38,7661;;
2016-01-19;39,5113;39,5113;39,5113;39,5113;;
2016-01-15;39,5247;39,5247;39,5247;39,5247;;
2016-01-14;40,2526;40,2526;40,2526;40,2526;;
2016-01-13;40,1282;40,1282;40,1282;40,1282;;
2016-01-12;40,5782;40,5782;40,5782;40,5782;;
2016-01-08;40,5721;40,5721;40,5721;40,5721;;
2016-01-07;40,9579;40,9579;40,9579;40,9579;;
2016-01-06;41,8365;41,8365;41,8365;41,8365;;
2016-01-05;42,3607;42,3607;42,3607;42,3607;;
2016-01-04;42,3672;42,3672;42,3672;42,3672;;
2015-12-30;43,5454;43,5454;43,5454;43,5454;;
2015-12-29;43,7823;43,7823;43,7823;43,7823;;
2015-12-28;43,3795;43,3795;43,3795;43,3795;;
2015-12-22;42,8479;42,8479;42,8479;42,8479;;
2015-12-21;42,5537;42,5537;42,5537;42,5537;;
2015-12-18;42,4159;42,4159;42,4159;42,4159;;
2015-12-17;42,9731;42,9731;42,9731;42,9731;;
2015-12-16;43,3204;43,3204;43,3204;43,3204;;
2015-12-15;42,7466;42,7466;42,7466;42,7466;;
2015-12-14;42,3681;42,3681;42,3681;42,3681;;
2015-12-11;42,5165;42,5165;42,5165;42,5165;;
2015-12-10;43,1873;43,1873;43,1873;43,1873;;
2015-12-09;43,1977;43,1977;43,1977;43,1977;;
2015-12-08;43,3596;43,3596;43,3596;43,3596;;
2015-12-07;43,7702;43,7702;43,7702;43,7702;;
2015-12-04;43,9812;43,9812;43,9812;43,9812;;
2015-12-03;43,5518;43,5518;43,5518;43,5518;;
2015-12-02;44,0177;44,0177;44,0177;44,0177;;
2015-12-01;44,3738;44,3738;44,3738;44,3738;;
2015-11-30;43,9641;43,9641;43,9641;43,9641;;
2015-11-27;44,1155;44,1155;44,1155;44,1155;;
2015-11-25;44,0457;44,0457;44,0457;44,0457;;
2015-11-24;43,9818;43,9818;43,9818;43,9818;;
2015-11-20;44,1702;44,1702;44,1702;44,1702;;
2015-11-19;44,108;44,108;44,108;44,108;;
2015-11-18;43,8701;43,8701;43,8701;43,8701;;
2015-11-17;43,4679;43,4679;43,4679;43,4679;;
2015-11-16;43,2398;43,2398;43,2398;43,2398;;
2015-11-13;42,8926;42,8926;42,8926;42,8926;;
2015-11-12;43,3379;43,3379;43,3379;43,3379;;
2015-11-10;43,8163;43,8163;43,8163;43,8163;;
2015-11-09;43,8395;43,8395;43,8395;43,8395;;
2015-11-06;44,1644;44,1644;44,1644;44,1644;;
2015-11-05;44,3246;44,3246;44,3246;44,3246;;
2015-11-04;44,3952;44,3952;44,3952;44,3952;;
2015-11-02;44,422;44,422;44,422;44,422;;
2015-10-30;44,1787;44,1787;44,1787;44,1787;;
2015-10-29;44,1995;44,1995;44,1995;44,1995;;
2015-10-28;44,3887;44,3887;44,3887;44,3887;;
2015-10-27;43,9234;43,9234;43,9234;43,9234;;
2015-10-26;44,1495;44,1495;44,1495;44,1495;;
2015-10-23;44,1922;44,1922;44,1922;44,1922;;
2015-10-22;43,7447;43,7447;43,7447;43,7447;;
2015-10-21;43,3127;43,3127;43,3127;43,3127;;
2015-10-20;43,431;43,431;43,431;43,431;;
2015-10-19;43,4927;43,4927;43,4927;43,4927;;
2015-10-16;43,5866;43,5866;43,5866;43,5866;;
2015-10-15;43,3853;43,3853;43,3853;43,3853;;
2015-10-14;42,7955;42,7955;42,7955;42,7955;;
2015-10-13;43,0032;43,0032;43,0032;43,0032;;
2015-10-09;43,3299;43,3299;43,3299;43,3299;;
2015-10-08;43,0654;43,0654;43,0654;43,0654;;
2015-10-06;42,4727;42,4727;42,4727;42,4727;;
2015-10-05;42,3819;42,3819;42,3819;42,3819;;
2015-10-02;41,594;41,594;41,594;41,594;;
2015-10-01;41,0957;41,0957;41,0957;41,0957;;
2015-09-30;40,9371;40,9371;40,9371;40,9371;;
2015-09-29;40,1211;40,1211;40,1211;40,1211;;
2015-09-28;40,3689;40,3689;40,3689;40,3689;;
2015-09-25;41,2327;41,2327;41,2327;41,2327;;
2015-09-24;41,0434;41,0434;41,0434;41,0434;;
2015-09-18;42,1593;42,1593;42,1593;42,1593;;
2015-09-17;42,7315;42,7315;42,7315;42,7315;;
2015-09-16;42,7524;42,7524;42,7524;42,7524;;
2015-09-15;42,2399;42,2399;42,2399;42,2399;;
2015-09-14;41,8846;41,8846;41,8846;41,8846;;
2015-09-11;42,0562;42,0562;42,0562;42,0562;;
2015-09-10;42,0095;42,0095;42,0095;42,0095;;
2015-09-09;42,0761;42,0761;42,0761;42,0761;;
2015-09-08;42,0421;42,0421;42,0421;42,0421;;
2015-09-04;41,2277;41,2277;41,2277;41,2277;;
2015-09-03;41,9297;41,9297;41,9297;41,9297;;
2015-09-02;41,7404;41,7404;41,7404;41,7404;;
2015-09-01;41,3499;41,3499;41,3499;41,3499;;
2015-08-31;42,5039;42,5039;42,5039;42,5039;;
2015-08-28;42,8266;42,8266;42,8266;42,8266;;
2015-08-27;42,6296;42,6296;42,6296;42,6296;;
2015-08-26;41,7465;41,7465;41,7465;41,7465;;
2015-08-25;40,9011;40,9011;40,9011;40,9011;;
2015-08-24;41,0431;41,0431;41,0431;41,0431;;
2015-08-21;42,629;42,629;42,629;42,629;;
2015-08-20;43,821;43,821;43,821;43,821;;
2015-08-19;44,5602;44,5602;44,5602;44,5602;;
2015-08-18;45,0289;45,0289;45,0289;45,0289;;
2015-08-17;45,1462;45,1462;45,1462;45,1462;;
2015-08-14;45,0069;45,0069;45,0069;45,0069;;
2015-08-13;44,9425;44,9425;44,9425;44,9425;;
2015-08-12;44,9458;44,9458;44,9458;44,9458;;
2015-08-11;45,1262;45,1262;45,1262;45,1262;;
2015-08-10;45,5601;45,5601;45,5601;45,5601;;
2015-08-07;45,0609;45,0609;45,0609;45,0609;;
2015-08-06;45,1967;45,1967;45,1967;45,1967;;
2015-08-05;45,4456;45,4456;45,4456;45,4456;;
2015-08-04;45,3385;45,3385;45,3385;45,3385;;
2015-08-03;45,3978;45,3978;45,3978;45,3978;;
2015-07-31;45,5104;45,5104;45,5104;45,5104;;
2015-07-30;45,3592;45,3592;45,3592;45,3592;;
2015-07-29;45,3804;45,3804;45,3804;45,3804;;
2015-07-28;45,0258;45,0258;45,0258;45,0258;;
2015-07-27;44,6783;44,6783;44,6783;44,6783;;
2015-07-24;44,9852;44,9852;44,9852;44,9852;;
2015-07-23;45,4311;45,4311;45,4311;45,4311;;
2015-07-22;45,527;45,527;45,527;45,527;;
2015-07-21;45,8146;45,8146;45,8146;45,8146;;
2015-07-17;45,8904;45,8904;45,8904;45,8904;;
2015-07-16;45,9185;45,9185;45,9185;45,9185;;
2015-07-15;45,5621;45,5621;45,5621;45,5621;;
2015-07-14;45,5952;45,5952;45,5952;45,5952;;
2015-07-13;45,3188;45,3188;45,3188;45,3188;;
2015-07-10;44,9212;44,9212;44,9212;44,9212;;
2015-07-09;44,2553;44,2553;44,2553;44,2553;;
2015-07-08;43,9817;43,9817;43,9817;43,9817;;
2015-07-07;44,442;44,442;44,442;44,442;;
2015-07-06;44,5586;44,5586;44,5586;44,5586;;
2015-07-02;45,0176;45,0176;45,0176;45,0176;;
2015-07-01;45,0135;45,0135;45,0135;45,0135;;
2015-06-30;44,7108;44,7108;44,7108;44,7108;;
2015-06-29;44,7611;44,7611;44,7611;44,7611;;
2015-06-26;45,7537;45,7537;45,7537;45,7537;;
2015-06-25;45,8798;45,8798;45,8798;45,8798;;
2015-06-24;45,9852;45,9852;45,9852;45,9852;;
2015-06-22;46,2514;46,2514;46,2514;46,2514;;
2015-06-19;45,7023;45,7023;45,7023;45,7023;;
2015-06-18;45,8498;45,8498;45,8498;45,8498;;
2015-06-17;45,3694;45,3694;45,3694;45,3694;;
2015-06-16;45,4091;45,4091;45,4091;45,4091;;
2015-06-15;45,2393;45,2393;45,2393;45,2393;;
2015-06-12;45,5753;45,5753;45,5753;45,5753;;
2015-06-11;45,8127;45,8127;45,8127;45,8127;;
2015-06-10;45,7319;45,7319;45,7319;45,7319;;
2015-06-09;45,0841;45,0841;45,0841;45,0841;;
2015-06-08;45,0977;45,0977;45,0977;45,0977;;
2015-06-05;45,3033;45,3033;45,3033;45,3033;;
2015-06-03;46,0573;46,0573;46,0573;46,0573;;
2015-06-02;45,8596;45,8596;45,8596;45,8596;;
2015-06-01;45,7516;45,7516;45,7516;45,7516;;
2015-05-29;45,7746;45,7746;45,7746;45,7746;;
2015-05-28;46,0833;46,0833;46,0833;46,0833;;
2015-05-27;46,1321;46,1321;46,1321;46,1321;;
2015-05-26;45,8077;45,8077;45,8077;45,8077;;
2015-05-22;46,3801;46,3801;46,3801;46,3801;;
2015-05-21;46,5625;46,5625;46,5625;46,5625;;
2015-05-20;46,3781;46,3781;46,3781;46,3781;;
2015-05-19;46,3673;46,3673;46,3673;46,3673;;
2015-05-18;46,4899;46,4899;46,4899;46,4899;;
2015-05-15;46,4371;46,4371;46,4371;46,4371;;
2015-05-13;45,9804;45,9804;45,9804;45,9804;;
2015-05-12;45,8375;45,8375;45,8375;45,8375;;
2015-05-11;45,9388;45,9388;45,9388;45,9388;;
2015-05-08;46,0657;46,0657;46,0657;46,0657;;
2015-05-07;45,4049;45,4049;45,4049;45,4049;;
2015-04-30;45,5992;45,5992;45,5992;45,5992;;
2015-04-28;46,2246;46,2246;46,2246;46,2246;;
2015-04-27;46,1749;46,1749;46,1749;46,1749;;
2015-04-24;46,1291;46,1291;46,1291;46,1291;;
2015-04-23;45,9308;45,9308;45,9308;45,9308;;
2015-04-22;45,7779;45,7779;45,7779;45,7779;;
2015-04-21;45,6532;45,6532;45,6532;45,6532;;
2015-04-20;45,5769;45,5769;45,5769;45,5769;;
2015-04-17;45,3104;45,3104;45,3104;45,3104;;
2015-04-16;45,7575;45,7575;45,7575;45,7575;;
2015-04-15;45,6821;45,6821;45,6821;45,6821;;
2015-04-14;45,579;45,579;45,579;45,579;;
2015-04-13;45,3794;45,3794;45,3794;45,3794;;
2015-04-10;45,5673;45,5673;45,5673;45,5673;;
2015-04-09;45,3711;45,3711;45,3711;45,3711;;
2015-04-08;45,2299;45,2299;45,2299;45,2299;;
2015-04-07;45,1653;45,1653;45,1653;45,1653;;
2015-04-02;44,7797;44,7797;44,7797;44,7797;;
2015-04-01;44,4855;44,4855;44,4855;44,4855;;
2015-03-31;44,5505;44,5505;44,5505;44,5505;;
2015-03-30;44,9709;44,9709;44,9709;44,9709;;
2015-03-27;44,6497;44,6497;44,6497;44,6497;;
2015-03-26;44,6175;44,6175;44,6175;44,6175;;
2015-03-25;44,9083;44,9083;44,9083;44,9083;;
2015-03-24;45,3145;45,3145;45,3145;45,3145;;
2015-03-23;45,4554;45,4554;45,4554;45,4554;;
2015-03-20;45,365;45,365;45,365;45,365;;
2015-03-19;44,7659;44,7659;44,7659;44,7659;;
2015-03-18;44,8316;44,8316;44,8316;44,8316;;
2015-03-17;44,383;44,383;44,383;44,383;;
2015-03-16;44,4713;44,4713;44,4713;44,4713;;
2015-03-13;43,9519;43,9519;43,9519;43,9519;;
2015-03-12;44,1758;44,1758;44,1758;44,1758;;
2015-03-11;43,7108;43,7108;43,7108;43,7108;;
2015-03-10;43,7485;43,7485;43,7485;43,7485;;
2015-03-09;44,4946;44,4946;44,4946;44,4946;;
2015-03-06;44,4961;44,4961;44,4961;44,4961;;
2015-03-05;45,0486;45,0486;45,0486;45,0486;;
2015-03-04;44,9622;44,9622;44,9622;44,9622;;
2015-03-03;45,1531;45,1531;45,1531;45,1531;;
2015-03-02;45,3531;45,3531;45,3531;45,3531;;
2015-02-27;45,2544;45,2544;45,2544;45,2544;;
2015-02-26;45,2828;45,2828;45,2828;45,2828;;
2015-02-25;45,3509;45,3509;45,3509;45,3509;;
2015-02-24;45,2949;45,2949;45,2949;45,2949;;
2015-02-23;45,1749;45,1749;45,1749;45,1749;;
2015-02-20;45,1161;45,1161;45,1161;45,1161;;
2015-02-19;44,928;44,928;44,928;44,928;;
2015-02-18;44,8738;44,8738;44,8738;44,8738;;
2015-02-17;44,764;44,764;44,764;44,764;;
2015-02-13;44,6885;44,6885;44,6885;44,6885;;
2015-02-12;44,4068;44,4068;44,4068;44,4068;;
2015-02-10;43,9968;43,9968;43,9968;43,9968;;
2015-02-09;43,6995;43,6995;43,6995;43,6995;;
2015-02-06;43,8589;43,8589;43,8589;43,8589;;
2015-02-05;44,0313;44,0313;44,0313;44,0313;;
2015-02-04;43,7097;43,7097;43,7097;43,7097;;
2015-02-03;43,707;43,707;43,707;43,707;;
2015-02-02;43,1746;43,1746;43,1746;43,1746;;
2015-01-30;42,7453;42,7453;42,7453;42,7453;;
2015-01-29;43,1599;43,1599;43,1599;43,1599;;
2015-01-28;43,0402;43,0402;43,0402;43,0402;;
2015-01-27;43,4524;43,4524;43,4524;43,4524;;
2015-01-26;43,6297;43,6297;43,6297;43,6297;;
2015-01-23;43,5074;43,5074;43,5074;43,5074;;
2015-01-22;43,5773;43,5773;43,5773;43,5773;;
2015-01-21;43,1642;43,1642;43,1642;43,1642;;
2015-01-20;42,9311;42,9311;42,9311;42,9311;;
2015-01-16;42,6731;42,6731;42,6731;42,6731;;
2015-01-15;42,3488;42,3488;42,3488;42,3488;;
2015-01-14;42,4217;42,4217;42,4217;42,4217;;
2015-01-13;42,7475;42,7475;42,7475;42,7475;;
2015-01-09;42,8886;42,8886;42,8886;42,8886;;
2015-01-08;43,1528;43,1528;43,1528;43,1528;;
2015-01-07;42,3384;42,3384;42,3384;42,3384;;
2015-01-06;42,1334;42,1334;42,1334;42,1334;;
2015-01-05;42,5623;42,5623;42,5623;42,5623;;
2014-12-30;43,8246;43,8246;43,8246;43,8246;;
2014-12-29;44,0946;44,0946;44,0946;44,0946;;
2014-12-22;43,8663;43,8663;43,8663;43,8663;;
2014-12-18;43,4327;43,4327;43,4327;43,4327;;
2014-12-17;42,5679;42,5679;42,5679;42,5679;;
2014-12-16;42,1375;42,1375;42,1375;42,1375;;
2014-12-15;42,1128;42,1128;42,1128;42,1128;;
2014-12-12;42,6315;42,6315;42,6315;42,6315;;
2014-12-11;43,242;43,242;43,242;43,242;;
2014-12-10;43,2188;43,2188;43,2188;43,2188;;
2014-12-09;43,816;43,816;43,816;43,816;;
2014-12-08;43,9302;43,9302;43,9302;43,9302;;
2014-12-05;44,2338;44,2338;44,2338;44,2338;;
2014-12-04;44,1857;44,1857;44,1857;44,1857;;
2014-12-03;44,263;44,263;44,263;44,263;;
2014-12-02;44,1634;44,1634;44,1634;44,1634;;
2014-12-01;44,0066;44,0066;44,0066;44,0066;;
2014-11-28;44,2504;44,2504;44,2504;44,2504;;
2014-11-26;44,4662;44,4662;44,4662;44,4662;;
2014-11-25;44,3304;44,3304;44,3304;44,3304;;
2014-11-21;44,1857;44,1857;44,1857;44,1857;;
2014-11-20;43,883;43,883;43,883;43,883;;
2014-11-19;43,8601;43,8601;43,8601;43,8601;;
2014-11-18;43,9482;43,9482;43,9482;43,9482;;
2014-11-17;43,606;43,606;43,606;43,606;;
2014-11-14;43,6624;43,6624;43,6624;43,6624;;
2014-11-13;43,6358;43,6358;43,6358;43,6358;;
2014-11-12;43,5993;43,5993;43,5993;43,5993;;
2014-11-10;43,5813;43,5813;43,5813;43,5813;;
2014-11-06;43,3891;43,3891;43,3891;43,3891;;
2014-11-05;43,3522;43,3522;43,3522;43,3522;;
2014-11-04;43,1354;43,1354;43,1354;43,1354;;
2014-10-31;43,3864;43,3864;43,3864;43,3864;;
2014-10-30;42,9065;42,9065;42,9065;42,9065;;
2014-10-29;42,8316;42,8316;42,8316;42,8316;;
2014-10-28;42,7837;42,7837;42,7837;42,7837;;
2014-10-27;42,333;42,333;42,333;42,333;;
2014-10-24;42,3601;42,3601;42,3601;42,3601;;
2014-10-23;42,159;42,159;42,159;42,159;;
2014-10-22;41,8295;41,8295;41,8295;41,8295;;
2014-10-21;41,9275;41,9275;41,9275;41,9275;;
2014-10-20;41,2896;41,2896;41,2896;41,2896;;
2014-10-17;40,972;40,972;40,972;40,972;;
2014-10-16;40,4394;40,4394;40,4394;40,4394;;
2014-10-15;40,5052;40,5052;40,5052;40,5052;;
2014-10-14;40,8985;40,8985;40,8985;40,8985;;
2014-10-10;41,3038;41,3038;41,3038;41,3038;;
2014-10-09;41,9698;41,9698;41,9698;41,9698;;
2014-10-08;42,4902;42,4902;42,4902;42,4902;;
2014-10-07;42,1767;42,1767;42,1767;42,1767;;
2014-10-06;42,646;42,646;42,646;42,646;;
2014-10-02;42,3448;42,3448;42,3448;42,3448;;
2014-10-01;42,628;42,628;42,628;42,628;;
2014-09-30;43,114;43,114;43,114;43,114;;
2014-09-29;43,2092;43,2092;43,2092;43,2092;;
2014-09-26;43,3527;43,3527;43,3527;43,3527;;
2014-09-25;43,205;43,205;43,205;43,205;;
2014-09-24;43,7274;43,7274;43,7274;43,7274;;
2014-09-22;43,7932;43,7932;43,7932;43,7932;;
2014-09-19;44,1432;44,1432;44,1432;44,1432;;
2014-09-18;44,2041;44,2041;44,2041;44,2041;;
2014-09-17;44,0137;44,0137;44,0137;44,0137;;
2014-09-16;43,9419;43,9419;43,9419;43,9419;;
2014-09-12;43,8638;43,8638;43,8638;43,8638;;
2014-09-11;44,0538;44,0538;44,0538;44,0538;;
2014-09-10;44,0175;44,0175;44,0175;44,0175;;
2014-09-09;43,9475;43,9475;43,9475;43,9475;;
2014-09-08;44,2288;44,2288;44,2288;44,2288;;
2014-09-05;44,3847;44,3847;44,3847;44,3847;;
2014-09-04;44,3326;44,3326;44,3326;44,3326;;
2014-09-03;44,4173;44,4173;44,4173;44,4173;;
2014-09-02;44,287;44,287;44,287;44,287;;
2014-08-29;44,3212;44,3212;44,3212;44,3212;;
2014-08-28;44,2083;44,2083;44,2083;44,2083;;
2014-08-27;44,3661;44,3661;44,3661;44,3661;;
2014-08-26;44,319;44,319;44,319;44,319;;
2014-08-25;44,2194;44,2194;44,2194;44,2194;;
2014-08-22;43,9824;43,9824;43,9824;43,9824;;
2014-08-21;44,1309;44,1309;44,1309;44,1309;;
2014-08-20;43,9752;43,9752;43,9752;43,9752;;
2014-08-19;43,9443;43,9443;43,9443;43,9443;;
2014-08-18;43,7454;43,7454;43,7454;43,7454;;
2014-08-14;43,4453;43,4453;43,4453;43,4453;;
2014-08-13;43,2673;43,2673;43,2673;43,2673;;
2014-08-12;43,0116;43,0116;43,0116;43,0116;;
2014-08-11;43,0677;43,0677;43,0677;43,0677;;
2014-08-07;42,6353;42,6353;42,6353;42,6353;;
2014-08-06;42,8449;42,8449;42,8449;42,8449;;
2014-08-05;42,9598;42,9598;42,9598;42,9598;;
2014-08-04;43,2601;43,2601;43,2601;43,2601;;
2014-08-01;43,1479;43,1479;43,1479;43,1479;;
2014-07-31;43,3651;43,3651;43,3651;43,3651;;
2014-07-30;44,0189;44,0189;44,0189;44,0189;;
2014-07-29;44,1168;44,1168;44,1168;44,1168;;
2014-07-28;44,2176;44,2176;44,2176;44,2176;;
2014-07-24;44,421;44,421;44,421;44,421;;
2014-07-23;44,3664;44,3664;44,3664;44,3664;;
2014-07-22;44,2802;44,2802;44,2802;44,2802;;
2014-07-18;44,1159;44,1159;44,1159;44,1159;;
2014-07-17;43,8829;43,8829;43,8829;43,8829;;
2014-07-16;44,2964;44,2964;44,2964;44,2964;;
2014-07-15;44,0395;44,0395;44,0395;44,0395;;
2014-07-14;44,1812;44,1812;44,1812;44,1812;;
2014-07-11;43,9025;43,9025;43,9025;43,9025;;
2014-07-10;43,8622;43,8622;43,8622;43,8622;;
2014-07-09;44,1544;44,1544;44,1544;44,1544;;
2014-07-07;44,3694;44,3694;44,3694;44,3694;;
2014-07-03;44,6037;44,6037;44,6037;44,6037;;
2014-07-02;44,422;44,422;44,422;44,422;;
2014-07-01;44,3645;44,3645;44,3645;44,3645;;
2014-06-30;44,0742;44,0742;44,0742;44,0742;;
2014-06-27;44,0096;44,0096;44,0096;44,0096;;
2014-06-26;43,9163;43,9163;43,9163;43,9163;;
2014-06-25;43,9308;43,9308;43,9308;43,9308;;
2014-06-24;43,9183;43,9183;43,9183;43,9183;;
2014-06-20;44,1591;44,1591;44,1591;44,1591;;
2014-06-18;43,9132;43,9132;43,9132;43,9132;;
2014-06-17;43,6821;43,6821;43,6821;43,6821;;
2014-06-16;43,6376;43,6376;43,6376;43,6376;;
2014-06-13;43,6439;43,6439;43,6439;43,6439;;
2014-06-12;43,6002;43,6002;43,6002;43,6002;;
2014-06-11;43,74;43,74;43,74;43,74;;
2014-06-10;43,8356;43,8356;43,8356;43,8356;;
2014-06-06;43,8134;43,8134;43,8134;43,8134;;
2014-06-05;43,5859;43,5859;43,5859;43,5859;;
2014-06-04;43,386;43,386;43,386;43,386;;
2014-06-03;43,331;43,331;43,331;43,331;;
2014-06-02;43,3666;43,3666;43,3666;43,3666;;
2014-05-30;43,309;43,309;43,309;43,309;;
2014-05-28;43,0765;43,0765;43,0765;43,0765;;
2014-05-27;43,1084;43,1084;43,1084;43,1084;;
2014-05-23;42,8619;42,8619;42,8619;42,8619;;
2014-05-21;42,5678;42,5678;42,5678;42,5678;;
2014-05-20;42,3458;42,3458;42,3458;42,3458;;
2014-05-19;42,5396;42,5396;42,5396;42,5396;;
2014-05-16;42,4777;42,4777;42,4777;42,4777;;
2014-05-15;42,436;42,436;42,436;42,436;;
2014-05-14;42,7448;42,7448;42,7448;42,7448;;
2014-05-13;42,8024;42,8024;42,8024;42,8024;;
2014-05-12;42,7166;42,7166;42,7166;42,7166;;
2014-05-09;42,4144;42,4144;42,4144;42,4144;;
2014-05-08;42,4928;42,4928;42,4928;42,4928;;
2014-05-07;42,4139;42,4139;42,4139;42,4139;;
2014-05-02;42,5131;42,5131;42,5131;42,5131;;
2014-04-30;42,4715;42,4715;42,4715;42,4715;;
2014-04-28;42,0765;42,0765;42,0765;42,0765;;
2014-04-25;42,0267;42,0267;42,0267;42,0267;;
2014-04-24;42,2843;42,2843;42,2843;42,2843;;
2014-04-23;42,2351;42,2351;42,2351;42,2351;;
2014-04-22;42,2964;42,2964;42,2964;42,2964;;
2014-04-17;41,9885;41,9885;41,9885;41,9885;;
2014-04-16;41,8616;41,8616;41,8616;41,8616;;
2014-04-15;41,403;41,403;41,403;41,403;;
2014-04-14;41,3431;41,3431;41,3431;41,3431;;
2014-04-11;41,186;41,186;41,186;41,186;;
2014-04-10;41,627;41,627;41,627;41,627;;
2014-04-09;42,1072;42,1072;42,1072;42,1072;;
2014-04-08;41,8125;41,8125;41,8125;41,8125;;
2014-04-07;41,6944;41,6944;41,6944;41,6944;;
2014-04-04;42,1202;42,1202;42,1202;42,1202;;
2014-04-03;42,3389;42,3389;42,3389;42,3389;;
2014-04-02;42,3948;42,3948;42,3948;42,3948;;
2014-04-01;42,2953;42,2953;42,2953;42,2953;;
2014-03-31;42,0465;42,0465;42,0465;42,0465;;
2014-03-28;41,7443;41,7443;41,7443;41,7443;;
2014-03-27;41,5241;41,5241;41,5241;41,5241;;
2014-03-26;41,5234;41,5234;41,5234;41,5234;;
2014-03-25;41,5537;41,5537;41,5537;41,5537;;
2014-03-24;41,3082;41,3082;41,3082;41,3082;;
2014-03-20;41,5126;41,5126;41,5126;41,5126;;
2014-03-19;41,6045;41,6045;41,6045;41,6045;;
2014-03-18;41,7898;41,7898;41,7898;41,7898;;
2014-03-17;41,4994;41,4994;41,4994;41,4994;;
2014-03-14;41,1773;41,1773;41,1773;41,1773;;
2014-03-13;41,4419;41,4419;41,4419;41,4419;;
2014-03-12;41,788;41,788;41,788;41,788;;
2014-03-11;41,9381;41,9381;41,9381;41,9381;;
2014-03-10;42,0463;42,0463;42,0463;42,0463;;
2014-03-07;42,1629;42,1629;42,1629;42,1629;;
2014-03-06;42,2846;42,2846;42,2846;42,2846;;
2014-03-05;42,0993;42,0993;42,0993;42,0993;;
2014-03-04;42,0607;42,0607;42,0607;42,0607;;
2014-03-03;41,4974;41,4974;41,4974;41,4974;;
2014-02-27;41,819;41,819;41,819;41,819;;
2014-02-26;41,7213;41,7213;41,7213;41,7213;;
2014-02-25;41,8302;41,8302;41,8302;41,8302;;
2014-02-24;41,8018;41,8018;41,8018;41,8018;;
2014-02-21;41,587;41,587;41,587;41,587;;
2014-02-20;41,4886;41,4886;41,4886;41,4886;;
2014-02-19;41,4618;41,4618;41,4618;41,4618;;
2014-02-18;41,591;41,591;41,591;41,591;;
2014-02-14;41,3238;41,3238;41,3238;41,3238;;
2014-02-13;41,1488;41,1488;41,1488;41,1488;;
2014-02-12;41,0097;41,0097;41,0097;41,0097;;
2014-02-10;40,4712;40,4712;40,4712;40,4712;;
2014-02-07;40,3461;40,3461;40,3461;40,3461;;
2014-02-06;39,8676;39,8676;39,8676;39,8676;;
2014-02-05;39,3515;39,3515;39,3515;39,3515;;
2014-02-04;39,285;39,285;39,285;39,285;;
2014-02-03;39,3346;39,3346;39,3346;39,3346;;
2014-01-31;39,9998;39,9998;39,9998;39,9998;;
2014-01-30;40,2255;40,2255;40,2255;40,2255;;
2014-01-29;40,1293;40,1293;40,1293;40,1293;;
2014-01-28;40,3163;40,3163;40,3163;40,3163;;
2014-01-27;40,1557;40,1557;40,1557;40,1557;;
2014-01-24;40,4923;40,4923;40,4923;40,4923;;
2014-01-23;41,296;41,296;41,296;41,296;;
2014-01-22;41,5779;41,5779;41,5779;41,5779;;
2014-01-21;41,5189;41,5189;41,5189;41,5189;;
2014-01-17;41,4654;41,4654;41,4654;41,4654;;
2014-01-16;41,516;41,516;41,516;41,516;;
2014-01-15;41,5328;41,5328;41,5328;41,5328;;
2014-01-14;41,3237;41,3237;41,3237;41,3237;;
2014-01-10;41,4077;41,4077;41,4077;41,4077;;
2014-01-09;41,1894;41,1894;41,1894;41,1894;;
2014-01-08;41,2848;41,2848;41,2848;41,2848;;
2014-01-07;41,2175;41,2175;41,2175;41,2175;;
2014-01-06;41,0554;41,0554;41,0554;41,0554;;
2013-12-30;41,4277;41,4277;41,4277;41,4277;;
2013-12-27;41,377;41,377;41,377;41,377;;
2013-12-20;40,6774;40,6774;40,6774;40,6774;;
2013-12-19;40,4708;40,4708;40,4708;40,4708;;
2013-12-18;40,3526;40,3526;40,3526;40,3526;;
2013-12-17;39,8277;39,8277;39,8277;39,8277;;
2013-12-16;39,9637;39,9637;39,9637;39,9637;;
2013-12-13;39,6998;39,6998;39,6998;39,6998;;
2013-12-12;39,7251;39,7251;39,7251;39,7251;;
2013-12-11;40,0059;40,0059;40,0059;40,0059;;
2013-12-10;40,3564;40,3564;40,3564;40,3564;;
2013-12-09;40,4408;40,4408;40,4408;40,4408;;
2013-12-06;40,3163;40,3163;40,3163;40,3163;;
2013-12-05;39,9705;39,9705;39,9705;39,9705;;
2013-12-04;40,1168;40,1168;40,1168;40,1168;;
2013-12-03;40,3251;40,3251;40,3251;40,3251;;
2013-12-02;40,5244;40,5244;40,5244;40,5244;;
2013-11-29;40,701;40,701;40,701;40,701;;
2013-11-27;40,6099;40,6099;40,6099;40,6099;;
2013-11-26;40,533;40,533;40,533;40,533;;
2013-11-25;40,5759;40,5759;40,5759;40,5759;;
2013-11-22;40,563;40,563;40,563;40,563;;
2013-11-21;40,3911;40,3911;40,3911;40,3911;;
2013-11-20;40,2649;40,2649;40,2649;40,2649;;
2013-11-19;40,3874;40,3874;40,3874;40,3874;;
2013-11-18;40,5439;40,5439;40,5439;40,5439;;
2013-11-15;40,5098;40,5098;40,5098;40,5098;;
2013-11-14;40,2925;40,2925;40,2925;40,2925;;
2013-11-13;40,0078;40,0078;40,0078;40,0078;;
2013-11-12;39,9218;39,9218;39,9218;39,9218;;
2013-11-08;39,8647;39,8647;39,8647;39,8647;;
2013-11-07;39,6646;39,6646;39,6646;39,6646;;
2013-11-06;40,1372;40,1372;40,1372;40,1372;;
2013-11-05;39,916;39,916;39,916;39,916;;
2013-10-31;40,0015;40,0015;40,0015;40,0015;;
2013-10-30;40,225;40,225;40,225;40,225;;
2013-10-29;40,2855;40,2855;40,2855;40,2855;;
2013-10-28;40,1821;40,1821;40,1821;40,1821;;
2013-10-25;40,1267;40,1267;40,1267;40,1267;;
2013-10-24;40,1259;40,1259;40,1259;40,1259;;
2013-10-23;39,9693;39,9693;39,9693;39,9693;;
2013-10-22;40,194;40,194;40,194;40,194;;
2013-10-21;39,9168;39,9168;39,9168;39,9168;;
2013-10-18;39,878;39,878;39,878;39,878;;
2013-10-17;39,5907;39,5907;39,5907;39,5907;;
2013-10-16;39,1833;39,1833;39,1833;39,1833;;
2013-10-15;38,8785;38,8785;38,8785;38,8785;;
2013-10-11;38,8592;38,8592;38,8592;38,8592;;
2013-10-10;38,5739;38,5739;38,5739;38,5739;;
2013-10-09;37,919;37,919;37,919;37,919;;
2013-10-08;37,9995;37,9995;37,9995;37,9995;;
2013-10-07;38,3271;38,3271;38,3271;38,3271;;
2013-10-04;38,6056;38,6056;38,6056;38,6056;;
2013-10-02;38,6935;38,6935;38,6935;38,6935;;
2013-10-01;38,753;38,753;38,753;38,753;;
2013-09-30;38,506;38,506;38,506;38,506;;
2013-09-27;38,7892;38,7892;38,7892;38,7892;;
2013-09-26;38,8311;38,8311;38,8311;38,8311;;
2013-09-25;38,7307;38,7307;38,7307;38,7307;;
2013-09-24;38,7743;38,7743;38,7743;38,7743;;
2013-09-20;38,962;38,962;38,962;38,962;;
2013-09-19;39,2084;39,2084;39,2084;39,2084;;
2013-09-18;38,9172;38,9172;38,9172;38,9172;;
2013-09-17;38,5603;38,5603;38,5603;38,5603;;
2013-09-13;38,2239;38,2239;38,2239;38,2239;;
2013-09-12;38,2041;38,2041;38,2041;38,2041;;
2013-09-11;38,2696;38,2696;38,2696;38,2696;;
2013-09-10;38,1017;38,1017;38,1017;38,1017;;
2013-09-09;37,7718;37,7718;37,7718;37,7718;;
2013-09-06;37,4336;37,4336;37,4336;37,4336;;
2013-09-05;37,3119;37,3119;37,3119;37,3119;;
2013-09-04;37,2777;37,2777;37,2777;37,2777;;
2013-09-03;37,0173;37,0173;37,0173;37,0173;;
2013-08-30;36,6809;36,6809;36,6809;36,6809;;
2013-08-29;36,8881;36,8881;36,8881;36,8881;;
2013-08-28;36,8587;36,8587;36,8587;36,8587;;
2013-08-27;36,9622;36,9622;36,9622;36,9622;;
2013-08-26;37,4598;37,4598;37,4598;37,4598;;
2013-08-23;37,5602;37,5602;37,5602;37,5602;;
2013-08-22;37,2913;37,2913;37,2913;37,2913;;
2013-08-21;37,0884;37,0884;37,0884;37,0884;;
2013-08-20;37,3543;37,3543;37,3543;37,3543;;
2013-08-19;37,3719;37,3719;37,3719;37,3719;;
2013-08-16;37,5518;37,5518;37,5518;37,5518;;
2013-08-14;38,0017;38,0017;38,0017;38,0017;;
2013-08-13;37,9917;37,9917;37,9917;37,9917;;
2013-08-12;37,91;37,91;37,91;37,91;;
2013-08-09;37,9811;37,9811;37,9811;37,9811;;
2013-08-08;38,0008;38,0008;38,0008;38,0008;;
2013-08-07;37,7859;37,7859;37,7859;37,7859;;
2013-08-06;37,9902;37,9902;37,9902;37,9902;;
2013-08-02;38,1327;38,1327;38,1327;38,1327;;
2013-08-01;37,9105;37,9105;37,9105;37,9105;;
2013-07-31;37,4864;37,4864;37,4864;37,4864;;
2013-07-30;37,5432;37,5432;37,5432;37,5432;;
2013-07-29;37,5058;37,5058;37,5058;37,5058;;
2013-07-26;37,6884;37,6884;37,6884;37,6884;;
2013-07-25;37,7264;37,7264;37,7264;37,7264;;
2013-07-24;37,7427;37,7427;37,7427;37,7427;;
2013-07-23;37,7771;37,7771;37,7771;37,7771;;
2013-07-22;37,7977;37,7977;37,7977;37,7977;;
2013-07-19;37,6221;37,6221;37,6221;37,6221;;
2013-07-18;37,5626;37,5626;37,5626;37,5626;;
2013-07-17;37,3687;37,3687;37,3687;37,3687;;
2013-07-16;37,2958;37,2958;37,2958;37,2958;;
2013-07-12;37,242;37,242;37,242;37,242;;
2013-07-11;37,2017;37,2017;37,2017;37,2017;;
2013-07-10;36,6205;36,6205;36,6205;36,6205;;
2013-07-09;36,4987;36,4987;36,4987;36,4987;;
2013-07-08;36,2267;36,2267;36,2267;36,2267;;
2013-07-05;36,0129;36,0129;36,0129;36,0129;;
2013-07-03;35,8021;35,8021;35,8021;35,8021;;
2013-07-02;35,9075;35,9075;35,9075;35,9075;;
2013-07-01;35,8912;35,8912;35,8912;35,8912;;
2013-06-28;35,6222;35,6222;35,6222;35,6222;;
2013-06-27;35,6836;35,6836;35,6836;35,6836;;
2013-06-26;35,4203;35,4203;35,4203;35,4203;;
2013-06-25;35,0897;35,0897;35,0897;35,0897;;
2013-06-24;34,8015;34,8015;34,8015;34,8015;;
2013-06-21;35,2995;35,2995;35,2995;35,2995;;
2013-06-20;35,3664;35,3664;35,3664;35,3664;;
2013-06-19;36,6306;36,6306;36,6306;36,6306;;
2013-06-17;36,6812;36,6812;36,6812;36,6812;;
2013-06-14;36,3559;36,3559;36,3559;36,3559;;
2013-06-13;36,3655;36,3655;36,3655;36,3655;;
2013-06-12;36,2007;36,2007;36,2007;36,2007;;
2013-06-11;36,3327;36,3327;36,3327;36,3327;;
2013-06-10;36,5738;36,5738;36,5738;36,5738;;
2013-06-07;36,4998;36,4998;36,4998;36,4998;;
2013-06-06;36,1196;36,1196;36,1196;36,1196;;
2013-06-05;36,0183;36,0183;36,0183;36,0183;;
2013-06-04;36,569;36,569;36,569;36,569;;
2013-06-03;36,5501;36,5501;36,5501;36,5501;;
2013-05-31;36,529;36,529;36,529;36,529;;
2013-05-29;36,9548;36,9548;36,9548;36,9548;;
2013-05-28;37,1408;37,1408;37,1408;37,1408;;
2013-05-24;37,0321;37,0321;37,0321;37,0321;;
2013-05-23;37,046;37,046;37,046;37,046;;
2013-05-22;37,5263;37,5263;37,5263;37,5263;;
2013-05-21;37,7116;37,7116;37,7116;37,7116;;
2013-05-17;37,5142;37,5142;37,5142;37,5142;;
2013-05-16;37,3865;37,3865;37,3865;37,3865;;
2013-05-15;37,4542;37,4542;37,4542;37,4542;;
2013-05-14;37,321;37,321;37,321;37,321;;
2013-05-13;37,1015;37,1015;37,1015;37,1015;;
2013-05-10;37,0565;37,0565;37,0565;37,0565;;
2013-05-08;37,2313;37,2313;37,2313;37,2313;;
2013-05-07;36,9283;36,9283;36,9283;36,9283;;
2013-05-02;36,3659;36,3659;36,3659;36,3659;;
2013-04-30;36,5162;36,5162;36,5162;36,5162;;
2013-04-26;36,0481;36,0481;36,0481;36,0481;;
2013-04-25;36,0787;36,0787;36,0787;36,0787;;
2013-04-24;35,8629;35,8629;35,8629;35,8629;;
2013-04-23;35,6821;35,6821;35,6821;35,6821;;
2013-04-22;35,2654;35,2654;35,2654;35,2654;;
2013-04-19;35,1444;35,1444;35,1444;35,1444;;
2013-04-18;34,9282;34,9282;34,9282;34,9282;;
2013-04-17;35,1003;35,1003;35,1003;35,1003;;
2013-04-16;35,545;35,545;35,545;35,545;;
2013-04-15;35,3536;35,3536;35,3536;35,3536;;
2013-04-12;35,9761;35,9761;35,9761;35,9761;;
2013-04-11;36,1256;36,1256;36,1256;36,1256;;
2013-04-10;35,864;35,864;35,864;35,864;;
2013-04-09;35,3814;35,3814;35,3814;35,3814;;
2013-04-05;35,0293;35,0293;35,0293;35,0293;;
2013-04-04;35,1045;35,1045;35,1045;35,1045;;
2013-04-03;35,186;35,186;35,186;35,186;;
2013-04-02;35,4235;35,4235;35,4235;35,4235;;
2013-03-28;35,4035;35,4035;35,4035;35,4035;;
2013-03-27;35,2628;35,2628;35,2628;35,2628;;
2013-03-26;35,3264;35,3264;35,3264;35,3264;;
2013-03-25;35,1734;35,1734;35,1734;35,1734;;
2013-03-22;35,3124;35,3124;35,3124;35,3124;;
2013-03-21;35,172;35,172;35,172;35,172;;
2013-03-19;35,1639;35,1639;35,1639;35,1639;;
2013-03-18;35,2675;35,2675;35,2675;35,2675;;
2013-03-15;35,5973;35,5973;35,5973;35,5973;;
2013-03-14;35,4913;35,4913;35,4913;35,4913;;
2013-03-13;35,235;35,235;35,235;35,235;;
2013-03-12;35,3042;35,3042;35,3042;35,3042;;
2013-03-11;35,3415;35,3415;35,3415;35,3415;;
2013-03-08;35,1894;35,1894;35,1894;35,1894;;
2013-03-07;35,0928;35,0928;35,0928;35,0928;;
2013-03-06;35,0198;35,0198;35,0198;35,0198;;
2013-03-05;34,9607;34,9607;34,9607;34,9607;;
2013-03-04;34,5819;34,5819;34,5819;34,5819;;
2013-03-01;34,4996;34,4996;34,4996;34,4996;;
2013-02-27;34,4383;34,4383;34,4383;34,4383;;
2013-02-26;34,1033;34,1033;34,1033;34,1033;;
2013-02-25;34,2209;34,2209;34,2209;34,2209;;
2013-02-22;34,4777;34,4777;34,4777;34,4777;;
2013-02-21;34,2309;34,2309;34,2309;34,2309;;
2013-02-20;34,6678;34,6678;34,6678;34,6678;;
2013-02-19;34,9035;34,9035;34,9035;34,9035;;
2013-02-15;34,5778;34,5778;34,5778;34,5778;;
2013-02-14;34,6874;34,6874;34,6874;34,6874;;
2013-02-13;34,7404;34,7404;34,7404;34,7404;;
2013-02-12;34,7237;34,7237;34,7237;34,7237;;
2013-02-08;34,6359;34,6359;34,6359;34,6359;;
2013-02-07;34,4211;34,4211;34,4211;34,4211;;
2013-02-06;34,5715;34,5715;34,5715;34,5715;;
2013-02-05;34,4902;34,4902;34,4902;34,4902;;
2013-02-04;34,3544;34,3544;34,3544;34,3544;;
2013-02-01;34,7735;34,7735;34,7735;34,7735;;
2013-01-30;34,5891;34,5891;34,5891;34,5891;;
2013-01-29;34,6148;34,6148;34,6148;34,6148;;
2013-01-28;34,4265;34,4265;34,4265;34,4265;;
2013-01-25;34,4862;34,4862;34,4862;34,4862;;
2013-01-24;34,2575;34,2575;34,2575;34,2575;;
2013-01-23;34,1775;34,1775;34,1775;34,1775;;
2013-01-22;34,1907;34,1907;34,1907;34,1907;;
2013-01-18;34,0553;34,0553;34,0553;34,0553;;
2013-01-17;34,0074;34,0074;34,0074;34,0074;;
2013-01-16;33,8295;33,8295;33,8295;33,8295;;
2013-01-15;33,9204;33,9204;33,9204;33,9204;;
2013-01-11;33,8993;33,8993;33,8993;33,8993;;
2013-01-10;33,8134;33,8134;33,8134;33,8134;;
2013-01-09;33,5348;33,5348;33,5348;33,5348;;
2013-01-08;33,4142;33,4142;33,4142;33,4142;;
2013-01-07;33,5241;33,5241;33,5241;33,5241;;
2013-01-04;33,6033;33,6033;33,6033;33,6033;;
2012-12-28;32,5393;32,5393;32,5393;32,5393;;
2012-12-27;32,7691;32,7691;32,7691;32,7691;;
2012-12-21;32,8766;32,8766;32,8766;32,8766;;
2012-12-20;33,139;33,139;33,139;33,139;;
2012-12-19;33,0639;33,0639;33,0639;33,0639;;
2012-12-18;33,0395;33,0395;33,0395;33,0395;;
2012-12-17;32,7279;32,7279;32,7279;32,7279;;
2012-12-14;32,4888;32,4888;32,4888;32,4888;;
2012-12-13;32,5399;32,5399;32,5399;32,5399;;
2012-12-12;32,6503;32,6503;32,6503;32,6503;;
2012-12-11;32,5885;32,5885;32,5885;32,5885;;
2012-12-10;32,393;32,393;32,393;32,393;;
2012-12-07;32,3628;32,3628;32,3628;32,3628;;
2012-12-06;32,3216;32,3216;32,3216;32,3216;;
2012-12-05;32,2284;32,2284;32,2284;32,2284;;
2012-12-04;32,1895;32,1895;32,1895;32,1895;;
2012-12-03;32,1952;32,1952;32,1952;32,1952;;
2012-11-30;32,2252;32,2252;32,2252;32,2252;;
2012-11-29;32,2048;32,2048;32,2048;32,2048;;
2012-11-28;31,9369;31,9369;31,9369;31,9369;;
2012-11-27;31,8216;31,8216;31,8216;31,8216;;
2012-11-26;31,9009;31,9009;31,9009;31,9009;;
2012-11-21;31,4508;31,4508;31,4508;31,4508;;
2012-11-20;31,3726;31,3726;31,3726;31,3726;;
2012-11-19;31,3609;31,3609;31,3609;31,3609;;
2012-11-16;30,6845;30,6845;30,6845;30,6845;;
2012-11-15;30,6959;30,6959;30,6959;30,6959;;
2012-11-14;30,7743;30,7743;30,7743;30,7743;;
2012-11-13;31,1249;31,1249;31,1249;31,1249;;
2012-11-09;31,2229;31,2229;31,2229;31,2229;;
2012-11-08;31,2329;31,2329;31,2329;31,2329;;
2012-11-07;31,5329;31,5329;31,5329;31,5329;;
2012-11-06;32,0637;32,0637;32,0637;32,0637;;
2012-11-05;31,867;31,867;31,867;31,867;;
2012-11-02;31,9252;31,9252;31,9252;31,9252;;
2012-10-31;31,8201;31,8201;31,8201;31,8201;;
2012-10-30;31,8349;31,8349;31,8349;31,8349;;
2012-10-29;31,7069;31,7069;31,7069;31,7069;;
2012-10-26;31,7874;31,7874;31,7874;31,7874;;
2012-10-25;31,8497;31,8497;31,8497;31,8497;;
2012-10-24;31,7514;31,7514;31,7514;31,7514;;
2012-10-23;31,7785;31,7785;31,7785;31,7785;;
2012-10-22;32,2883;32,2883;32,2883;32,2883;;
2012-10-19;32,3233;32,3233;32,3233;32,3233;;
2012-10-18;32,7453;32,7453;32,7453;32,7453;;
2012-10-17;32,7475;32,7475;32,7475;32,7475;;
2012-10-16;32,4939;32,4939;32,4939;32,4939;;
2012-10-15;32,0873;32,0873;32,0873;32,0873;;
2012-10-12;31,9227;31,9227;31,9227;31,9227;;
2012-10-11;31,9911;31,9911;31,9911;31,9911;;
2012-10-10;31,8988;31,8988;31,8988;31,8988;;
2012-10-09;32,0994;32,0994;32,0994;32,0994;;
2012-10-05;32,6173;32,6173;32,6173;32,6173;;
2012-10-04;32,4725;32,4725;32,4725;32,4725;;
2012-10-02;32,2364;32,2364;32,2364;32,2364;;
2012-10-01;32,2191;32,2191;32,2191;32,2191;;
2012-09-28;32,0391;32,0391;32,0391;32,0391;;
2012-09-27;32,2495;32,2495;32,2495;32,2495;;
2012-09-26;31,9847;31,9847;31,9847;31,9847;;
2012-09-25;32,3896;32,3896;32,3896;32,3896;;
2012-09-24;32,4983;32,4983;32,4983;32,4983;;
2012-09-21;32,6467;32,6467;32,6467;32,6467;;
2012-09-20;32,5599;32,5599;32,5599;32,5599;;
2012-09-19;32,7283;32,7283;32,7283;32,7283;;
2012-09-18;32,6209;32,6209;32,6209;32,6209;;
2012-09-14;32,8754;32,8754;32,8754;32,8754;;
2012-09-13;32,4329;32,4329;32,4329;32,4329;;
2012-09-12;32,118;32,118;32,118;32,118;;
2012-09-11;31,9913;31,9913;31,9913;31,9913;;
2012-09-10;31,8591;31,8591;31,8591;31,8591;;
2012-09-07;31,9981;31,9981;31,9981;31,9981;;
2012-09-06;31,6428;31,6428;31,6428;31,6428;;
2012-09-05;31,0459;31,0459;31,0459;31,0459;;
2012-09-04;31,074;31,074;31,074;31,074;;
2012-08-31;31,1813;31,1813;31,1813;31,1813;;
2012-08-30;31,0056;31,0056;31,0056;31,0056;;
2012-08-29;31,2747;31,2747;31,2747;31,2747;;
2012-08-28;31,2941;31,2941;31,2941;31,2941;;
2012-08-27;31,3487;31,3487;31,3487;31,3487;;
2012-08-24;31,3301;31,3301;31,3301;31,3301;;
2012-08-23;31,3138;31,3138;31,3138;31,3138;;
2012-08-22;31,3757;31,3757;31,3757;31,3757;;
2012-08-21;31,5101;31,5101;31,5101;31,5101;;
2012-08-20;31,4186;31,4186;31,4186;31,4186;;
2012-08-17;31,4252;31,4252;31,4252;31,4252;;
2012-08-16;31,3605;31,3605;31,3605;31,3605;;
2012-08-14;31,1015;31,1015;31,1015;31,1015;;
2012-08-13;31,069;31,069;31,069;31,069;;
2012-08-10;31,1176;31,1176;31,1176;31,1176;;
2012-08-09;31,1033;31,1033;31,1033;31,1033;;
2012-08-08;31,0567;31,0567;31,0567;31,0567;;
2012-08-07;31,0469;31,0469;31,0469;31,0469;;
2012-08-06;30,8387;30,8387;30,8387;30,8387;;
2012-08-03;30,6387;30,6387;30,6387;30,6387;;
2012-08-02;30,0367;30,0367;30,0367;30,0367;;
2012-08-01;30,3556;30,3556;30,3556;30,3556;;
2012-07-31;30,4128;30,4128;30,4128;30,4128;;
2012-07-30;30,4941;30,4941;30,4941;30,4941;;
2012-07-27;30,3992;30,3992;30,3992;30,3992;;
2012-07-26;29,8579;29,8579;29,8579;29,8579;;
2012-07-25;29,2232;29,2232;29,2232;29,2232;;
2012-07-24;29,2493;29,2493;29,2493;29,2493;;
2012-07-23;29,4716;29,4716;29,4716;29,4716;;
2012-07-20;29,9419;29,9419;29,9419;29,9419;;
2012-07-19;30,3425;30,3425;30,3425;30,3425;;
2012-07-18;30,1288;30,1288;30,1288;30,1288;;
2012-07-17;29,8846;29,8846;29,8846;29,8846;;
2012-07-13;29,7988;29,7988;29,7988;29,7988;;
2012-07-12;29,3574;29,3574;29,3574;29,3574;;
2012-07-11;29,6333;29,6333;29,6333;29,6333;;
2012-07-10;29,6299;29,6299;29,6299;29,6299;;
2012-07-09;29,7556;29,7556;29,7556;29,7556;;
2012-07-06;29,8814;29,8814;29,8814;29,8814;;
2012-07-05;30,2006;30,2006;30,2006;30,2006;;
2012-07-03;30,4134;30,4134;30,4134;30,4134;;
2012-07-02;30,1425;30,1425;30,1425;30,1425;;
2012-06-29;30,0265;30,0265;30,0265;30,0265;;
2012-06-28;29,1559;29,1559;29,1559;29,1559;;
2012-06-27;29,2042;29,2042;29,2042;29,2042;;
2012-06-26;28,9237;28,9237;28,9237;28,9237;;
2012-06-25;28,8656;28,8656;28,8656;28,8656;;
2012-06-22;29,2913;29,2913;29,2913;29,2913;;
2012-06-21;29,3203;29,3203;29,3203;29,3203;;
2012-06-20;29,862;29,862;29,862;29,862;;
2012-06-19;29,804;29,804;29,804;29,804;;
2012-06-18;29,4267;29,4267;29,4267;29,4267;;
2012-06-15;29,3493;29,3493;29,3493;29,3493;;
2012-06-14;29,0494;29,0494;29,0494;29,0494;;
2012-06-13;28,9043;28,9043;28,9043;28,9043;;
2012-06-12;28,943;28,943;28,943;28,943;;
2012-06-11;28,7496;28,7496;28,7496;28,7496;;
2012-06-08;28,8656;28,8656;28,8656;28,8656;;
2012-06-06;28,7302;28,7302;28,7302;28,7302;;
2012-06-05;28,1111;28,1111;28,1111;28,1111;;
2012-06-04;27,937;27,937;27,937;27,937;;
2012-06-01;27,9757;27,9757;27,9757;27,9757;;
2012-05-31;28,5754;28,5754;28,5754;28,5754;;
2012-05-30;28,6625;28,6625;28,6625;28,6625;;
2012-05-29;29,1462;29,1462;29,1462;29,1462;;
2012-05-25;28,827;28,827;28,827;28,827;;
2012-05-24;28,8947;28,8947;28,8947;28,8947;;
2012-05-23;28,7883;28,7883;28,7883;28,7883;;
2012-05-22;29,0881;29,0881;29,0881;29,0881;;
2012-05-21;28,885;28,885;28,885;28,885;;
2012-05-18;28,5658;28,5658;28,5658;28,5658;;
2012-05-16;29,1945;29,1945;29,1945;29,1945;;
2012-05-15;29,4074;29,4074;29,4074;29,4074;;
2012-05-14;29,6589;29,6589;29,6589;29,6589;;
2012-05-11;30,0845;30,0845;30,0845;30,0845;;
2012-05-10;30,1522;30,1522;30,1522;30,1522;;
2012-05-09;30,0265;30,0265;30,0265;30,0265;;
2012-05-08;30,249;30,249;30,249;30,249;;
2012-05-07;30,5005;30,5005;30,5005;30,5005;;
2012-05-02;31,226;31,226;31,226;31,226;;
2012-04-27;31,3808;31,3808;31,3808;31,3808;;
2012-04-26;31,2453;31,2453;31,2453;31,2453;;
2012-04-25;31,0519;31,0519;31,0519;31,0519;;
2012-04-24;30,7133;30,7133;30,7133;30,7133;;
2012-04-23;30,5295;30,5295;30,5295;30,5295;;
2012-04-20;30,9454;30,9454;30,9454;30,9454;;
2012-04-19;30,839;30,839;30,839;30,839;;
2012-04-18;30,9938;30,9938;30,9938;30,9938;;
2012-04-17;31,0615;31,0615;31,0615;31,0615;;
2012-04-16;30,5779;30,5779;30,5779;30,5779;;
2012-04-12;30,9938;30,9938;30,9938;30,9938;;
2012-04-11;30,5585;30,5585;30,5585;30,5585;;
2012-04-10;30,3844;30,3844;30,3844;30,3844;;
2012-04-04;31,1583;31,1583;31,1583;31,1583;;
2012-04-03;31,7677;31,7677;31,7677;31,7677;;
2012-04-02;31,9418;31,9418;31,9418;31,9418;;
2012-03-29;31,4775;31,4775;31,4775;31,4775;;
2012-03-28;31,6516;31,6516;31,6516;31,6516;;
2012-03-27;31,8451;31,8451;31,8451;31,8451;;
2012-03-26;31,8741;31,8741;31,8741;31,8741;;
2012-03-22; ; ; ;31,4189;;
2012-03-21;31,6032;31,6032;31,6032;31,6032;;
2012-03-19;31,9225;31,9225;31,9225;31,9225;;
2012-03-16; ; ; ;31,8135;;
2012-03-15;31,6516;31,6516;31,6516;31,6516;;
2012-03-14;31,4388;31,4388;31,4388;31,4388;;
2012-03-13;31,5065;31,5065;31,5065;31,5065;;
2012-03-12;31,0422;31,0422;31,0422;31,0422;;
2012-03-08;31,0615;31,0615;31,0615;31,0615;;
2012-03-07;30,5875;30,5875;30,5875;30,5875;;
2012-03-06;30,4521;30,4521;30,4521;30,4521;;
2012-03-05;31,0905;31,0905;31,0905;31,0905;;
2012-03-01;31,3808;31,3808;31,3808;31,3808;;
2012-02-29;31,2453;31,2453;31,2453;31,2453;;
2012-02-28;31,3421;31,3421;31,3421;31,3421;;
2012-02-27;31,2163;31,2163;31,2163;31,2163;;
2012-02-23;31,1196;31,1196;31,1196;31,1196;;
2012-02-22;30,9841;30,9841;30,9841;30,9841;;
2012-02-21;31,1196;31,1196;31,1196;31,1196;;
2012-02-16;30,7617;30,7617;30,7617;30,7617;;
2012-02-15;30,6262;30,6262;30,6262;30,6262;;
2012-02-14;30,5972;30,5972;30,5972;30,5972;;
2012-02-13;30,723;30,723;30,723;30,723;;
2012-02-09;30,839;30,839;30,839;30,839;;
2012-02-08;30,7713;30,7713;30,7713;30,7713;;
2012-02-02;30,249;30,249;30,249;30,249;;
2012-02-01;30,2006;30,2006;30,2006;30,2006;;
2012-01-31;29,7943;29,7943;29,7943;29,7943;;
2012-01-30;29,7459;29,7459;29,7459;29,7459;;
2012-01-26;30,0265;30,0265;30,0265;30,0265;;
2012-01-25;29,8523;29,8523;29,8523;29,8523;;
2012-01-24;29,6976;29,6976;29,6976;29,6976;;
2012-01-23;29,833;29,833;29,833;29,833;;
2012-01-19;29,6008;29,6008;29,6008;29,6008;;
2012-01-18;29,3396;29,3396;29,3396;29,3396;;
2012-01-17;29,0785;29,0785;29,0785;29,0785;;
2012-01-12;28,9817;28,9817;28,9817;28,9817;;
2012-01-11;28,9043;28,9043;28,9043;28,9043;;
2012-01-10;28,9817;28,9817;28,9817;28,9817;;
2012-01-05;28,7302;28,7302;28,7302;28,7302;;
2012-01-04;28,885;28,885;28,885;28,885;;
2011-12-29;28,2562;28,2562;28,2562;28,2562;;
2011-12-28;28,0241;28,0241;28,0241;28,0241;;
2011-12-27;28,3916;28,3916;28,3916;28,3916;;
2011-12-22;28,1498;28,1498;28,1498;28,1498;;
2011-12-21;27,9273;27,9273;27,9273;27,9273;;
2011-12-20;27,9176;27,9176;27,9176;27,9176;;
2011-12-19;27,2308;27,2308;27,2308;27,2308;;
2011-12-15;27,405;27,405;27,405;27,405;;
2011-12-14;27,3179;27,3179;27,3179;27,3179;;
2011-12-13;27,8016;27,8016;27,8016;27,8016;;
2011-12-12;28,0337;28,0337;28,0337;28,0337;;
2011-12-08;28,1692;28,1692;28,1692;28,1692;;
2011-12-07;28,7109;28,7109;28,7109;28,7109;;
2011-12-06;28,6141;28,6141;28,6141;28,6141;;
2011-12-05;28,7496;28,7496;28,7496;28,7496;;
2011-12-01;28,4013;28,4013;28,4013;28,4013;;
2011-11-30;28,4013;28,4013;28,4013;28,4013;;
2011-11-29;27,3179;27,3179;27,3179;27,3179;;
2011-11-28;27,1438;27,1438;27,1438;27,1438;;
2011-11-22;27,0083;27,0083;27,0083;27,0083;;
2011-11-21;27,1051;27,1051;27,1051;27,1051;;
2011-11-17;27,8596;27,8596;27,8596;27,8596;;
2011-11-16;28,2465;28,2465;28,2465;28,2465;;
2011-11-15;28,5271;28,5271;28,5271;28,5271;;
2011-11-14;28,6045;28,6045;28,6045;28,6045;;
2011-11-10;28,2369;28,2369;28,2369;28,2369;;
2011-11-09;28,2659;28,2659;28,2659;28,2659;;
2011-11-08;29,1075;29,1075;29,1075;29,1075;;
2011-11-07;28,8366;28,8366;28,8366;28,8366;;
2011-11-02;28,4594;28,4594;28,4594;28,4594;;
2011-10-31;29,1172;29,1172;29,1172;29,1172;;
2011-10-27;29,9201;29,9201;29,9201;29,9201;;
2011-10-26;28,7109;28,7109;28,7109;28,7109;;
2011-10-25;28,6045;28,6045;28,6045;28,6045;;
2011-10-24;28,9914;28,9914;28,9914;28,9914;;
2011-10-20;27,908;27,908;27,908;27,908;;
2011-10-19;28,1014;28,1014;28,1014;28,1014;;
2011-10-18;28,1595;28,1595;28,1595;28,1595;;
2011-10-17;28,0241;28,0241;28,0241;28,0241;;
2011-10-13;27,966;27,966;27,966;27,966;;
2011-10-12;28,1208;28,1208;28,1208;28,1208;;
2011-10-11;27,7242;27,7242;27,7242;27,7242;;
2011-10-06;26,8729;26,8729;26,8729;26,8729;;
2011-10-05;26,2151;26,2151;26,2151;26,2151;;
2011-10-04;25,6927;25,6927;25,6927;25,6927;;
2011-09-29;27,0083;27,0083;27,0083;27,0083;;
2011-09-28;26,8342;26,8342;26,8342;26,8342;;
2011-09-26;26,4956;26,4956;26,4956;26,4956;;
2011-09-22;26,012;26,012;26,012;26,012;;
2011-09-21;27,1534;27,1534;27,1534;27,1534;;
2011-09-20;27,7435;27,7435;27,7435;27,7435;;
2011-09-15;27,9273;27,9273;27,9273;27,9273;;
2011-09-14;27,3372;27,3372;27,3372;27,3372;;
2011-09-13;27,0857;27,0857;27,0857;27,0857;;
2011-09-12;26,7955;26,7955;26,7955;26,7955;;
2011-09-08;27,9176;27,9176;27,9176;27,9176;;
2011-09-07;28,0144;28,0144;28,0144;28,0144;;
2011-09-06;27,2502;27,2502;27,2502;27,2502;;
2011-09-01;28,7109;28,7109;28,7109;28,7109;;
2011-08-31;28,8947;28,8947;28,8947;28,8947;;
2011-08-30;28,5368;28,5368;28,5368;28,5368;;
2011-08-29;28,411;28,411;28,411;28,411;;
2011-08-25;27,5404;27,5404;27,5404;27,5404;;
2011-08-24;27,8693;27,8693;27,8693;27,8693;;
2011-08-23;27,6081;27,6081;27,6081;27,6081;;
2011-08-22;26,9793;26,9793;26,9793;26,9793;;
2011-08-16;28,5271;28,5271;28,5271;28,5271;;
2011-08-11;27,8016;27,8016;27,8016;27,8016;;
2011-08-10;26,9406;26,9406;26,9406;26,9406;;
2011-08-09;27,7532;27,7532;27,7532;27,7532;;
2011-08-08;26,989;26,989;26,989;26,989;;
2011-08-04;28,7883;28,7883;28,7883;28,7883;;
2011-08-03;30,0845;30,0845;30,0845;30,0845;;
2011-08-02;30,2296;30,2296;30,2296;30,2296;;
2011-08-01;30,8874;30,8874;30,8874;30,8874;;
2011-07-28;31,255;31,255;31,255;31,255;;
2011-07-27;31,4001;31,4001;31,4001;31,4001;;
2011-07-26;31,9612;31,9612;31,9612;31,9612;;
2011-07-25;31,9225;31,9225;31,9225;31,9225;;
2011-07-21;31,9902;31,9902;31,9902;31,9902;;
2011-07-20;31,5259;31,5259;31,5259;31,5259;;
2011-07-08; ; ; ;31,9795;;
2011-07-07; ; ; ;32,1995;;
2011-07-06; ; ; ;31,9508;;
2011-07-05; ; ; ;32,0408;;
2011-07-01; ; ; ;31,9896;;
2011-06-30; ; ; ;31,6873;;
2011-06-29; ; ; ;31,2772;;
2011-06-28; ; ; ;30,8572;;
2011-06-27; ; ; ;30,503;;
2011-06-24; ; ; ;30,3533;;
2011-06-22; ; ; ;30,9257;;
2011-06-21; ; ; ;30,9779;;
2011-06-20; ; ; ;30,4955;;
2011-06-17; ; ; ;30,471;;
2011-06-16; ; ; ;30,3042;;
2011-06-15; ; ; ;30,5502;;
2011-06-14; ; ; ;31,07;;
2011-06-10; ; ; ;30,6524;;
2011-06-09; ; ; ;31,1125;;
2011-06-08; ; ; ;30,9679;;
2011-06-07; ; ; ;31,2047;;
2011-06-06; ; ; ;31,1537;;
2011-06-03; ; ; ;31,3989;;
2011-06-01; ; ; ;31,763;;
2011-05-31; ; ; ;32,2043;;
2011-05-27; ; ; ;31,8179;;
2011-05-26; ; ; ;31,5407;;
2011-05-25; ; ; ;31,3764;;
2011-05-24; ; ; ;31,268;;
2011-05-23; ; ; ;31,2185;;
2011-05-20; ; ; ;31,7533;;
2011-05-19; ; ; ;31,9628;;
2011-05-18; ; ; ;31,8728;;
2011-05-17; ; ; ;31,5666;;
2011-05-16; ; ; ;31,737;;
2011-05-13; ; ; ;31,8839;;
2011-05-12; ; ; ;32,067;;
2011-05-11; ; ; ;32,2097;;
2011-05-10; ; ; ;32,4074;;
2011-05-09; ; ; ;32,1073;;
2011-05-06; ; ; ;32,2338;;
2011-05-02; ; ; ;32,9708;;
2011-04-28; ; ; ;32,7939;;
2011-04-27; ; ; ;32,4707;;
2011-04-26; ; ; ;32,3531;;
2011-04-21; ; ; ;32,2156;;
2011-04-20; ; ; ;31,9537;;
2011-04-19; ; ; ;31,3404;;
2011-04-18; ; ; ;31,1598;;
2011-04-15; ; ; ;31,6523;;
2011-04-14; ; ; ;31,6158;;
2011-04-13; ; ; ;31,6642;;
2011-04-12; ; ; ;31,545;;
2011-04-11; ; ; ;31,8947;;
2011-04-08; ; ; ;31,9608;;
2011-04-07; ; ; ;31,8113;;
2011-04-06; ; ; ;31,896;;
2011-04-05; ; ; ;31,7668;;
2011-04-04; ; ; ;31,8134;;
2011-04-01; ; ; ;31,7094;;
2011-03-31; ; ; ;31,5523;;
2011-03-30; ; ; ;31,5771;;
2011-03-29; ; ; ;31,2864;;
2011-03-28; ; ; ;31,2033;;
2011-03-25; ; ; ;31,304;;
2011-03-24; ; ; ;31,2598;;
2011-03-23; ; ; ;30,9646;;
2011-03-22; ; ; ;30,9492;;
2011-03-18; ; ; ;30,384;;
2011-03-17; ; ; ;30,2085;;
2011-03-16; ; ; ;29,7465;;
2011-03-15; ; ; ;30,0193;;
2011-03-14; ; ; ;30,7143;;
2011-03-11; ; ; ;31,0395;;
2011-03-10; ; ; ;30,9991;;
2011-03-09; ; ; ;31,6143;;
2011-03-08; ; ; ;31,6407;;
2011-03-07; ; ; ;31,5869;;
2011-03-04; ; ; ;31,8104;;
2011-03-03; ; ; ;31,894;;
2011-03-02; ; ; ;31,5558;;
2011-03-01; ; ; ;31,6204;;
2011-02-28; ; ; ;31,8739;;
2011-02-25; ; ; ;31,628;;
2011-02-24; ; ; ;31,2884;;
2011-02-23; ; ; ;31,3477;;
2011-02-22; ; ; ;31,5394;;
2011-02-18; ; ; ;32,1162;;
2011-02-17; ; ; ;32,0464;;
2011-02-16; ; ; ;31,8648;;
2011-02-15; ; ; ;31,68;;
2011-02-14; ; ; ;31,6916;;
2011-02-10; ; ; ;31,5208;;
2011-02-09; ; ; ;31,626;;
2011-02-08; ; ; ;31,7353;;
2011-02-07; ; ; ;31,5442;;
2011-02-04; ; ; ;31,3616;;
2011-02-03; ; ; ;31,3213;;
2011-02-02; ; ; ;31,3865;;
2011-02-01; ; ; ;31,3222;;
2011-01-31; ; ; ;30,7996;;
2011-01-28; ; ; ;30,6602;;
2011-01-27; ; ; ;31,1077;;
2011-01-26; ; ; ;31,0406;;
2011-01-25; ; ; ;30,8624;;
2011-01-24; ; ; ;30,892;;
2011-01-21; ; ; ;30,6648;;
2011-01-20; ; ; ;30,4891;;
2011-01-19; ; ; ;30,8123;;
2011-01-18; ; ; ;30,9836;;
2011-01-14; ; ; ;30,814;;
2011-01-13; ; ; ;30,7277;;
2011-01-12; ; ; ;30,5655;;
2011-01-11; ; ; ;30,1815;;
2011-01-07; ; ; ;30,1625;;
2011-01-06; ; ; ;30,2157;;
2011-01-05; ; ; ;30,2463;;
2011-01-04; ; ; ;30,3421;;
2010-12-30; ; ; ;30,0462;;
2010-12-29; ; ; ;30,1019;;
2010-12-28; ; ; ;30,0154;;
2010-12-27; ; ; ;29,9518;;
2010-12-22; ; ; ;29,9693;;
2010-12-21; ; ; ;29,9103;;
2010-12-20; ; ; ;29,6388;;
2010-12-17; ; ; ;29,5929;;
2010-12-16; ; ; ;29,6448;;
2010-12-15; ; ; ;29,635;;
2010-12-14; ; ; ;29,8234;;
2010-12-13; ; ; ;29,7673;;
2010-12-10; ; ; ;29,5583;;
2010-12-09; ; ; ;29,4338;;
2010-12-08; ; ; ;29,323;;
2010-12-07; ; ; ;29,3854;;
2010-12-06; ; ; ;29,277;;
2010-12-03; ; ; ;29,3339;;
2010-12-02; ; ; ;29,1039;;
2010-12-01; ; ; ;28,6158;;
2010-11-30; ; ; ;28,0688;;
2010-11-29; ; ; ;28,2404;;
2010-11-26; ; ; ;28,4609;;
2010-11-24; ; ; ;28,73;;
2010-11-22; ; ; ;28,9524;;
2010-11-19; ; ; ;29,0431;;
2010-11-18; ; ; ;29,0141;;
2010-11-17; ; ; ;28,5546;;
2010-11-16; ; ; ;28,4999;;
2010-11-15; ; ; ;29,0327;;
2010-11-12; ; ; ;29,056;;
2010-11-10; ; ; ;29,3794;;
2010-11-09; ; ; ;29,571;;
2010-11-08; ; ; ;29,6279;;
2010-11-05; ; ; ;29,6991;;
2010-11-04; ; ; ;29,6679;;
2010-11-02; ; ; ;28,968;;
2010-10-29; ; ; ;28,6927;;
2010-10-28; ; ; ;28,6719;;
2010-10-27; ; ; ;28,4956;;
2010-10-26; ; ; ;28,7252;;
2010-10-25; ; ; ;28,8634;;
2010-10-22; ; ; ;28,7061;;
2010-10-21; ; ; ;28,7518;;
2010-10-20; ; ; ;28,6791;;
2010-10-19; ; ; ;28,3716;;
2010-10-18; ; ; ;28,8183;;
2010-10-15; ; ; ;28,7151;;
2010-10-14; ; ; ;28,776;;
2010-10-13; ; ; ;28,6819;;
2010-10-12; ; ; ;28,3453;;
2010-10-08; ; ; ;28,3916;;
2010-10-06; ; ; ;28,2872;;
2010-10-05; ; ; ;28,1332;;
2010-10-04; ; ; ;27,5779;;
2010-10-01; ; ; ;27,7858;;
2010-09-30; ; ; ;27,6677;;
2010-09-29; ; ; ;27,7792;;
2010-09-28; ; ; ;27,7815;;
2010-09-27; ; ; ;27,6753;;
2010-09-24; ; ; ;27,7329;;
2010-09-22; ; ; ;27,4401;;
2010-09-21; ; ; ;27,4132;;
2010-09-17; ; ; ;27,0979;;
2010-09-16; ; ; ;27,1208;;
2010-09-15; ; ; ;27,1694;;
2010-09-14; ; ; ;27,1444;;
2010-09-13; ; ; ;27,0583;;
2010-09-10; ; ; ;26,6911;;
2010-09-09; ; ; ;26,6367;;
2010-09-08; ; ; ;26,4462;;
2010-09-07; ; ; ;26,3255;;
2010-09-03; ; ; ;26,5057;;
2010-09-02; ; ; ;26,2162;;
2010-09-01; ; ; ;26,0363;;
2010-08-31; ; ; ;25,3118;;
2010-08-30; ; ; ;25,3797;;
2010-08-27; ; ; ;25,508;;
2010-08-26; ; ; ;25,2258;;
2010-08-25; ; ; ;25,1434;;
2010-08-24; ; ; ;25,2636;;
2010-08-23; ; ; ;25,5946;;
2010-08-20; ; ; ;25,6064;;
2010-08-19; ; ; ;25,9139;;
2010-08-18; ; ; ;26,2123;;
2010-08-17; ; ; ;26,1884;;
2010-08-16; ; ; ;25,8886;;
2010-08-13; ; ; ;25,8237;;
2010-08-12; ; ; ;25,8818;;
2010-08-11; ; ; ;26,0392;;
2010-08-10; ; ; ;26,7918;;
2010-08-09; ; ; ;27,0911;;
2010-08-06; ; ; ;26,9529;;
2010-08-05; ; ; ;26,9693;;
2010-08-04; ; ; ;26,9569;;
2010-08-03; ; ; ;26,9587;;
2010-08-02; ; ; ;26,9395;;
2010-07-30; ; ; ;26,2992;;
2010-07-29; ; ; ;26,379;;
2010-07-28; ; ; ;26,4014;;
2010-07-27; ; ; ;26,4355;;
2010-07-26; ; ; ;26,4087;;
2010-07-23; ; ; ;26,1223;;
2010-07-22; ; ; ;25,9507;;
2010-07-21; ; ; ;25,442;;
2010-07-20; ; ; ;25,5602;;
2010-07-16; ; ; ;25,4765;;
2010-07-15; ; ; ;26,0195;;
2010-07-14; ; ; ;26,0187;;
2010-07-13; ; ; ;25,9236;;
2010-07-12; ; ; ;25,5127;;
2010-07-09; ; ; ;25,5143;;
2010-07-08; ; ; ;25,3587;;
2010-07-07; ; ; ;25,0515;;
2010-07-06; ; ; ;24,5759;;
2010-07-02; ; ; ;24,2263;;
2010-07-01; ; ; ;24,2123;;
2010-06-30; ; ; ;24,333;;
2010-06-29; ; ; ;24,4894;;
2010-06-28; ; ; ;25,2954;;
2010-06-25; ; ; ;25,2209;;
2010-06-24; ; ; ;25,2879;;
2010-06-22; ; ; ;25,8192;;
2010-06-21; ; ; ;26,1764;;
2010-06-18; ; ; ;26,0538;;
2010-06-17; ; ; ;25,9968;;
2010-06-16; ; ; ;25,9569;;
2010-06-15; ; ; ;25,8914;;
2010-06-14; ; ; ;25,491;;
2010-06-11; ; ; ;25,2422;;
2010-06-10; ; ; ;25,1138;;
2010-06-09; ; ; ;24,5304;;
2010-06-08; ; ; ;24,4147;;
2010-06-07; ; ; ;24,3181;;
2010-06-04; ; ; ;24,7585;;
2010-06-02; ; ; ;25,1983;;
2010-06-01; ; ; ;24,9625;;
2010-05-28; ; ; ;25,2126;;
2010-05-27; ; ; ;25,3132;;
2010-05-26; ; ; ;24,5723;;
2010-05-25; ; ; ;24,4596;;
2010-05-21; ; ; ;25,038;;
2010-05-20; ; ; ;24,8042;;
2010-05-19; ; ; ;25,5455;;
2010-05-18; ; ; ;25,9181;;
2010-05-17; ; ; ;26,0111;;
2010-05-14; ; ; ;26,188;;
2010-05-12; ; ; ;26,9991;;
2010-05-11; ; ; ;26,6703;;
2010-05-10; ; ; ;26,8637;;
2010-05-07; ; ; ;25,6076;;
2010-05-06; ; ; ;26,2003;;
2010-04-30; ; ; ;27,8674;;
2010-04-28; ; ; ;27,757;;
2010-04-27; ; ; ;27,9432;;
2010-04-26; ; ; ;28,5484;;
2010-04-23; ; ; ;28,4739;;
2010-04-22; ; ; ;28,3157;;
2010-04-21; ; ; ;28,4684;;
2010-04-20; ; ; ;28,5292;;
2010-04-19; ; ; ;28,2833;;
2010-04-16; ; ; ;28,3887;;
2010-04-15; ; ; ;28,8401;;
2010-04-14; ; ; ;28,7821;;
2010-04-13; ; ; ;28,47;;
2010-04-12; ; ; ;28,5465;;
2010-04-09; ; ; ;28,4061;;
2010-04-08; ; ; ;28,1259;;
2010-04-07; ; ; ;28,173;;
2010-04-06; ; ; ;28,2788;;
2010-04-01; ; ; ;28,1408;;
2010-03-31; ; ; ;27,8672;;
2010-03-30; ; ; ;27,8795;;
2010-03-29; ; ; ;27,867;;
2010-03-26; ; ; ;27,6751;;
2010-03-25; ; ; ;27,6345;;
2010-03-24; ; ; ;27,6006;;
2010-03-23; ; ; ;27,8435;;
2010-03-19; ; ; ;27,6079;;
2010-03-18; ; ; ;27,7457;;
2010-03-17; ; ; ;27,88;;
2010-03-16; ; ; ;27,6735;;
2010-03-15; ; ; ;27,4015;;
2010-03-12; ; ; ;27,5266;;
2010-03-11; ; ; ;27,4175;;
2010-03-10; ; ; ;27,3591;;
2010-03-09; ; ; ;27,2093;;
2010-03-08; ; ; ;27,2223;;
2010-03-05; ; ; ;27,1221;;
2010-03-04; ; ; ;26,7771;;
2010-03-03; ; ; ;26,8135;;
2010-03-02; ; ; ;26,6237;;
2010-03-01; ; ; ;26,4156;;
2010-02-26; ; ; ;26,2458;;
2010-02-25; ; ; ;26,0293;;
2010-02-24; ; ; ;26,2395;;
2010-02-23; ; ; ;26,126;;
2010-02-22; ; ; ;26,3866;;
2010-02-19; ; ; ;26,2616;;
2010-02-18; ; ; ;26,3641;;
2010-02-17; ; ; ;26,244;;
2010-02-16; ; ; ;26,032;;
2010-02-12; ; ; ;25,6234;;
2010-02-10; ; ; ;25,4842;;
2010-02-09; ; ; ;25,4702;;
2010-02-08; ; ; ;25,2721;;
2010-02-05; ; ; ;25,3355;;
2010-02-04; ; ; ;25,587;;
2010-02-03; ; ; ;26,3399;;
2010-02-02; ; ; ;26,4737;;
2010-02-01; ; ; ;26,1113;;
2010-01-29; ; ; ;25,885;;
2010-01-28; ; ; ;26,0885;;
2010-01-27; ; ; ;26,3639;;
2010-01-26; ; ; ;26,4343;;
2010-01-25; ; ; ;26,5628;;
2010-01-22; ; ; ;26,5845;;
2010-01-21; ; ; ;26,9779;;
2010-01-20; ; ; ;27,3841;;
2010-01-19; ; ; ;27,8176;;
2010-01-15; ; ; ;27,6413;;
2010-01-14; ; ; ;27,926;;
2010-01-13; ; ; ;27,7788;;
2010-01-12; ; ; ;27,7254;;
2010-01-08; ; ; ;27,7012;;
2010-01-07; ; ; ;27,5775;;
2010-01-06; ; ; ;27,5917;;
2010-01-05; ; ; ;27,5725;;
2010-01-04; ; ; ;27,4919;;





